CustomerKey,CustomerID,CustomerName,Phone,City,CreatedDate
1,1,Samuel Barber,001-779-695-9236x2823,Lahore,2022-11-16
2,2,David Franco,(289)240-9364x57920,Peshawar,2022-11-08
3,3,David Bell,001-232-775-0861,Lahore,2022-05-24
4,4,Thomas Gonzales DDS,577-738-0104,Muzaffarabad,2022-10-23
5,5,Allen Carter,+1-727-450-8693x2379,Muzaffarabad,2022-07-11
6,6,Richard Espinoza,246.967.9577,Islamabad,2022-11-14
7,7,James Petty,+1-749-517-6494x658,Dubai,2022-08-27
8,8,Chad Lee,(795)776-7917x4061,Karachi,2022-07-01
9,9,Caitlin Martinez,001-700-646-1732x146,Dubai,2022-06-06
10,10,Colton Roberts,262.308.3385,Rawalpindi,2022-05-27
11,11,Michelle Hicks,426-886-8540x49808,Rawalpindi,2022-09-24
12,12,Julie Oconnor,(526)559-4242,Sharjah,2022-10-20
13,13,Michael Keith,341-680-0001x3726,Muzaffarabad,2022-06-09
14,14,Victoria Bryan,001-596-649-2956,Lahore,2022-03-08
15,15,Casey Wilcox,592.862.9323x6691,Islamabad,2022-12-01
16,16,Craig Moore,594-738-6891x229,Lahore,2022-03-12
17,17,Jessica Decker,+1-453-591-7413x85199,Ajman,2022-05-20
18,18,Edward Lopez,964.871.6509x9630,Muzaffarabad,2022-08-05
19,19,Aaron Walsh,8956000369,Lahore,2022-03-24
20,20,Matthew Adams,(728)979-4364,Mirpur,2022-03-03
21,21,Monica Cooper,397-273-5065x86885,Mirpur,2022-03-14
22,22,Gabrielle Carlson,+1-787-892-4991,Rawalpindi,2022-11-17
23,23,William Merritt,559-360-4792x49263,Dubai,2022-01-05
24,24,Aaron Anderson,001-940-970-5747x5179,Sharjah,2022-05-11
25,25,Alice Baker,233.617.1014x128,Muzaffarabad,2022-04-15
26,26,Bethany Grant,491.216.8071,Karachi,2022-03-31
27,27,Elizabeth Madden,269.525.3949,Islamabad,2022-12-15
28,28,Juan Johnson,+1-818-531-1761x94859,Dubai,2022-09-25
29,29,David Harper,+1-220-872-8474,Lahore,2022-11-04
30,30,Monica Ballard,001-655-652-7395x73026,Ajman,2022-08-27
31,31,Dr. Terry Nguyen,+1-875-209-0578,Karachi,2022-05-04
32,32,Cynthia Porter,001-692-906-9473x1636,Islamabad,2022-01-21
33,33,Miguel Mckinney,001-425-495-3260x12796,Mirpur,2022-01-13
34,34,Michael Gomez,(953)528-8082x0685,Ajman,2022-01-13
35,35,Ryan Jones,352-254-9418x060,Lahore,2022-01-09
36,36,Vanessa Harris,607-298-5801x2033,Muzaffarabad,2022-01-26
37,37,Eric Johnson,263.976.2596,Rawalpindi,2022-02-06
38,38,Brian Newman,(629)577-5654,Peshawar,2022-06-15
39,39,Jacob Graham,(677)264-6326,Dubai,2022-01-18
40,40,Anthony Holt,480.945.5332x45429,Karachi,2022-02-16
41,41,Ryan Williams,(925)994-4271,Peshawar,2022-11-02
42,42,Adam Christensen,(410)376-9050,Muzaffarabad,2022-06-30
43,43,Leslie Davis,660-415-6629x153,Islamabad,2022-01-17
44,44,Kevin Romero,(884)298-5217x38392,Karachi,2022-10-22
45,45,Troy Hurley,3748900687,Sharjah,2022-05-11
46,46,Laura Harris,3143497990,Mirpur,2022-07-23
47,47,Gabriella Rowe,+1-809-678-6324x57424,Peshawar,2022-09-28
48,48,Scott Garcia,210-332-0278x81744,Muzaffarabad,2022-07-16
49,49,Tina Roberts,+1-265-340-1575,Rawalpindi,2022-07-16
50,50,Susan Edwards,323.605.6908x03117,Ajman,2022-05-13
51,51,Amy Dickson,543.772.9231,Dubai,2022-03-07
52,52,Stuart Perry,(507)346-6540,Lahore,2022-11-25
53,53,Michael Martin,+1-736-959-8590,Sharjah,2022-11-02
54,54,Danielle Lloyd,330.438.5902x4284,Peshawar,2022-12-29
55,55,Meghan Haynes,(590)442-9827,Ajman,2022-12-05
56,56,Charles Watkins,+1-850-637-8349x006,Lahore,2022-06-01
57,57,Dr. Kyle Collins,(558)477-3670x464,Sharjah,2022-03-04
58,58,Alicia Whitehead,870.553.6327,Ajman,2022-11-23
59,59,Robert Allen,962.212.6139,Dubai,2022-11-08
60,60,Gregory Phillips,334-999-6836x8282,Rawalpindi,2022-07-10
61,61,Andrew Rodriguez,001-565-739-1060x97885,Rawalpindi,2022-05-15
62,62,Mary Thompson,394-883-0644,Dubai,2022-04-03
63,63,Mrs. Jennifer Todd,(744)472-5566x593,Karachi,2022-03-09
64,64,Casey Hicks,+1-339-423-4097x653,Karachi,2022-07-18
65,65,Matthew Carey,770.301.1297x7537,Rawalpindi,2022-02-03
66,66,Diane Gill,+1-264-942-6605x977,Dubai,2022-12-10
67,67,John Barry,561.209.8172,Karachi,2022-05-04
68,68,Ashley Ruiz,(896)777-5703x538,Dubai,2022-03-02
69,69,Ryan Campbell,001-606-534-4946x004,Peshawar,2022-01-18
70,70,Lauren Alvarez,001-862-933-4947x3259,Islamabad,2022-10-22
71,71,Kelly Herrera,734.653.7367x6636,Lahore,2022-05-02
72,72,David Chan,+1-269-933-7584x64197,Rawalpindi,2022-08-24
73,73,Ronnie Bautista,740.540.0905,Mirpur,2022-02-21
74,74,Nicholas Summers,+1-908-417-9547,Ajman,2022-02-24
75,75,Ian Smith,239-922-5360,Sharjah,2022-07-15
76,76,Matthew Hobbs,(609)989-2591,Lahore,2022-11-30
77,77,John Keller,001-873-628-3452x779,Islamabad,2022-02-14
78,78,Michael Martinez,(224)837-2329,Lahore,2022-07-01
79,79,Eduardo Osborn,588.362.8760,Dubai,2022-07-03
80,80,Nicole Jackson,327-745-2985x8844,Sharjah,2022-07-01
81,81,Lauren Adkins,330.803.6102x0404,Lahore,2022-08-02
82,82,Patricia Holmes,480.730.9479,Dubai,2022-04-25
83,83,Selena Johnston,6583919565,Dubai,2022-07-21
84,84,Tara Martinez,001-469-802-6009x791,Rawalpindi,2022-12-27
85,85,Paul Clark,460.567.0108,Lahore,2022-03-03
86,86,Mary Garza,342-692-8933x0451,Sharjah,2022-09-16
87,87,Kerry Brown,737-340-2512x000,Sharjah,2022-03-25
88,88,Paul Barnett,456-943-1900,Ajman,2022-07-28
89,89,Adrienne Richardson,001-440-715-9362x331,Sharjah,2022-10-05
90,90,Tammy Hartman,945-568-8339,Sharjah,2022-01-08
91,91,Patricia Powers,+1-611-813-5608,Dubai,2022-07-05
92,92,Justin Fields,913-778-1668x6774,Ajman,2022-02-23
93,93,Theresa Kline,929.381.5612x6095,Dubai,2022-01-20
94,94,Robert Cline,001-702-529-3580x3348,Rawalpindi,2022-11-30
95,95,Daniel Mayo,+1-761-771-4349x724,Dubai,2022-12-23
96,96,Caitlin Bond,001-207-375-8187x973,Lahore,2022-01-05
97,97,Patricia Gonzalez,001-838-434-5911x544,Ajman,2022-08-24
98,98,William Bradley,001-799-740-6201x0558,Dubai,2022-12-16
99,99,Suzanne Jones,353.794.9234x09015,Sharjah,2022-07-08
100,100,Taylor Johnston,378.965.1879x5857,Islamabad,2022-12-15
101,101,Mckenzie Clark,+1-484-432-4700x75504,Karachi,2022-05-14
102,102,David Lewis,+1-566-900-6182x66387,Sharjah,2022-08-27
103,103,Kimberly Woodward,001-432-818-2030x6036,Lahore,2022-08-22
104,104,Todd Wilcox,4796622085,Mirpur,2022-12-31
105,105,Laura Johnston,(822)224-5157x7194,Lahore,2022-05-20
106,106,Tina Brown,+1-757-811-0953,Islamabad,2022-07-16
107,107,Mrs. Dana Bailey,001-989-900-3283,Karachi,2022-12-01
108,108,Matthew Elliott,546-582-7983,Muzaffarabad,2022-01-27
109,109,Zachary Collins,774.297.5042x6527,Islamabad,2022-06-08
110,110,Robert Mckee,973-714-5752x685,Mirpur,2022-03-12
111,111,Richard Mills,001-501-511-3655,Lahore,2022-10-23
112,112,James Price,308-489-2447x06914,Muzaffarabad,2022-08-29
113,113,Eric Burns,831.472.1547,Mirpur,2022-07-20
114,114,Donna Rodriguez,001-351-797-9045x640,Sharjah,2022-10-07
115,115,Mark Vincent,+1-630-855-7873,Dubai,2022-11-22
116,116,Michael Martin,001-690-352-3480x82216,Ajman,2022-07-16
117,117,Robert Evans,(839)253-3349x77557,Muzaffarabad,2022-12-06
118,118,Alexandra Olson,321-216-4926x11850,Sharjah,2022-11-21
119,119,Alyssa Lester,001-909-733-3459x24678,Peshawar,2022-05-12
120,120,Amanda Kidd,001-748-692-4052x4022,Dubai,2022-10-15
121,121,Terry Williams,887.541.1858,Mirpur,2022-08-23
122,122,Sandra Wright,001-400-983-3877x31995,Ajman,2022-08-15
123,123,Jerry Harmon,657.337.1318x531,Mirpur,2022-09-28
124,124,Bonnie Drake,(874)642-6625,Rawalpindi,2022-05-20
125,125,Daniel Williams,923-293-4575,Ajman,2022-05-06
126,126,Dustin Hernandez,+1-424-856-3407x64392,Ajman,2022-12-17
127,127,Alex Williams,001-261-361-5480,Mirpur,2022-03-26
128,128,Mary Goodwin,(396)865-5091x8131,Sharjah,2022-02-17
129,129,Samantha Moon,001-644-506-5764,Islamabad,2022-09-24
130,130,Susan Shepard,001-304-385-4705x301,Lahore,2022-01-21
131,131,Kenneth Holmes,351.268.3499x26511,Peshawar,2022-02-04
132,132,James Lewis,+1-220-724-8160,Islamabad,2022-06-10
133,133,Marissa Kelley,+1-824-235-2014x32360,Sharjah,2022-08-20
134,134,Andrea Lawrence,(254)318-8790x43371,Islamabad,2022-12-01
135,135,Teresa Campbell,+1-744-550-5552x1645,Rawalpindi,2022-06-09
136,136,Scott Stephens,+1-729-884-8305x13003,Mirpur,2022-06-30
137,137,Justin Smith,579.429.5693x17028,Muzaffarabad,2022-07-16
138,138,Dennis Reyes,628-466-9434x8441,Muzaffarabad,2022-05-20
139,139,Anthony Malone,+1-962-704-6939x9039,Peshawar,2022-11-10
140,140,Luis Norris,414-569-0974,Peshawar,2022-06-23
141,141,Shane Irwin,(206)923-5136x3468,Dubai,2022-07-04
142,142,Bill Woodard,952-272-7163,Muzaffarabad,2022-07-01
143,143,Michael Stewart,001-567-395-4872,Muzaffarabad,2022-07-20
144,144,Erin Munoz,865.730.7639x3656,Peshawar,2022-06-22
145,145,Katelyn Wagner,546-726-6114x77991,Dubai,2022-03-22
146,146,Justin Woods,001-424-991-3217x55846,Peshawar,2022-06-13
147,147,Louis Mills,(940)352-5737x2678,Mirpur,2022-09-06
148,148,George Murray,588.844.7126x68139,Sharjah,2022-11-26
149,149,Catherine Norman,+1-412-301-3480x1595,Mirpur,2022-01-12
150,150,Lauren Gilbert,216-307-0649x343,Ajman,2022-06-30
151,151,Melissa Johnson,954.275.8379x14902,Karachi,2022-04-14
152,152,Tyler Brown,+1-728-408-6232x747,Karachi,2022-07-10
153,153,Elizabeth Diaz,723-219-3835,Lahore,2022-11-27
154,154,Timothy Cameron,(352)530-6838,Rawalpindi,2022-10-28
155,155,Joe Price,(834)535-8019x938,Lahore,2022-10-16
156,156,Luke Preston,+1-777-735-2175,Muzaffarabad,2022-10-15
157,157,Ronald Rosales,614-269-9890x84838,Islamabad,2022-06-05
158,158,Donald Lane,(890)259-8015x982,Muzaffarabad,2022-07-06
159,159,Carolyn Booker,(287)965-5728x118,Karachi,2022-09-07
160,160,James Wagner,515-492-5060,Mirpur,2022-06-13
161,161,Kathy Duncan,+1-347-454-9318x6079,Ajman,2022-09-21
162,162,Jesse Hawkins,938-543-3454x958,Peshawar,2022-01-05
163,163,Erika Scott,+1-292-680-3537x07573,Lahore,2022-02-28
164,164,Todd Perez,492-866-5239x9705,Lahore,2022-03-23
165,165,Madison Werner,(387)644-1582x686,Lahore,2022-01-22
166,166,Karen Roberts,001-498-313-3427x844,Mirpur,2022-07-15
167,167,William Taylor,922-697-0668x98571,Dubai,2022-08-15
168,168,Thomas Henderson,001-431-894-9307x4683,Peshawar,2022-08-02
169,169,Jason Moore,869.683.2136,Ajman,2022-07-22
170,170,Nathan Farrell,(745)214-9292x18990,Mirpur,2022-05-12
171,171,Alyssa Johnson,774.906.7068x710,Rawalpindi,2022-02-16
172,172,Stephanie Scott,791.726.6708,Muzaffarabad,2022-05-21
173,173,James Rogers,(234)880-0842,Dubai,2022-12-04
174,174,Brandon Holmes PhD,854-375-1191x2851,Karachi,2022-09-02
175,175,Dominique Lewis,838.278.2275x285,Islamabad,2022-01-10
176,176,Shelby Sanford,788-782-0614,Muzaffarabad,2022-08-05
177,177,Kristi Tucker,001-918-768-7382x332,Lahore,2022-06-08
178,178,Beverly Gonzalez,861-559-4822x4502,Lahore,2022-07-10
179,179,Deborah Andrade,(317)634-9063,Islamabad,2022-09-04
180,180,Amanda Harper,(340)840-4609x08612,Karachi,2022-11-27
181,181,Robert Davis,958-746-9652,Rawalpindi,2022-04-28
182,182,Stephanie Hopkins,3715745151,Mirpur,2022-01-30
183,183,Brandon Wright,(687)459-4100,Dubai,2022-01-18
184,184,Brandon Golden,297.444.0741,Karachi,2022-08-20
185,185,Jacqueline Lin,(861)900-9052x1535,Peshawar,2022-09-05
186,186,Timothy Williams,001-994-942-5838x3364,Rawalpindi,2022-12-14
187,187,Joel Wong,(724)695-2284x0078,Karachi,2022-08-25
188,188,John Young,+1-411-986-6806x4514,Rawalpindi,2022-10-07
189,189,Paul Lopez,(838)685-5847x74300,Muzaffarabad,2022-08-13
190,190,April Park,602-352-5775x47155,Lahore,2022-12-06
191,191,Priscilla Mccormick,+1-829-367-3665x142,Islamabad,2022-08-29
192,192,Ebony Green,799.726.5389x6593,Rawalpindi,2022-03-14
193,193,James Cox,882-561-8541,Lahore,2022-11-30
194,194,Amber Smith,682.471.8854x1986,Ajman,2022-08-12
195,195,Emily Petersen,226-378-7551x34962,Karachi,2022-09-02
196,196,John Alvarez,(530)933-2983x116,Lahore,2022-11-02
197,197,Betty Maldonado,+1-853-626-8568,Islamabad,2022-07-20
198,198,Jordan Parker,(750)861-4643x19699,Ajman,2022-10-07
199,199,Theresa Webster,393-670-8260x03389,Sharjah,2022-01-27
200,200,Erik Harris,+1-842-853-5842x6931,Karachi,2022-12-09
201,201,Norman Black,650-781-9460,Lahore,2022-03-05
202,202,Sandra Foley,9862918964,Lahore,2022-10-20
203,203,Christopher Chandler,8719268802,Sharjah,2022-07-19
204,204,Maria Ramos,+1-964-700-0908x652,Muzaffarabad,2022-08-05
205,205,Jonathan Carey,263-536-4045,Ajman,2022-05-17
206,206,David Snyder,(659)604-7959x208,Lahore,2022-09-25
207,207,Alyssa Coleman,(735)766-5981x30167,Ajman,2022-06-02
208,208,Jeffery Davis,767.717.5188,Mirpur,2022-07-16
209,209,Christopher Curry,2122179299,Islamabad,2022-10-02
210,210,Eric Burton,(857)960-4211,Ajman,2022-07-21
211,211,Kaylee Burton,001-713-433-2649x293,Peshawar,2022-03-28
212,212,Daniel Cummings,+1-924-957-0656x12164,Lahore,2022-07-08
213,213,Christine Smith,+1-854-628-6758,Sharjah,2022-12-13
214,214,Kathy Cortez,001-740-218-6379,Mirpur,2022-04-03
215,215,Amanda Carson,001-414-231-9309x8933,Mirpur,2022-07-10
216,216,Alexander Johnson,289.934.3718x0246,Rawalpindi,2022-01-05
217,217,James Wang,930-918-1223,Muzaffarabad,2022-05-20
218,218,Matthew Obrien,613.628.1140x03023,Rawalpindi,2022-10-05
219,219,Rachel Alvarado,880.640.2315x13947,Lahore,2022-10-17
220,220,Tyler Edwards,001-475-315-2396x030,Lahore,2022-07-16
221,221,Danielle Gibson,(354)295-5045,Karachi,2022-10-10
222,222,Michael Smith,836-975-6663,Islamabad,2022-11-01
223,223,Brandon Mclean,(937)304-1188,Dubai,2022-11-06
224,224,Lonnie Torres,001-281-673-6235x30980,Peshawar,2022-12-05
225,225,Jason Hogan,001-261-737-5970x8860,Ajman,2022-12-01
226,226,Bonnie Lewis,402-358-3601,Mirpur,2022-08-23
227,227,Nicholas Cook,227-289-5149,Rawalpindi,2022-01-15
228,228,Eric Obrien,934-291-7936,Dubai,2022-07-19
229,229,Pamela Yoder,633.785.1676x7166,Ajman,2022-09-12
230,230,Mark Cook,720.938.6048,Islamabad,2022-01-21
231,231,Sheri Mcdonald,938.704.5013,Muzaffarabad,2022-04-04
232,232,Brittany Grant,001-970-401-8135x758,Ajman,2022-11-01
233,233,Mary Neal,455-996-5743,Mirpur,2022-03-31
234,234,John Parks,001-327-411-9498x6670,Karachi,2022-04-13
235,235,Daniel Fleming,700-750-4099x6480,Peshawar,2022-06-21
236,236,Teresa Lopez,+1-701-291-7645,Peshawar,2022-01-10
237,237,Regina Schmidt,(894)316-0844x326,Lahore,2022-02-08
238,238,Yolanda Johnson,296.697.3750x578,Peshawar,2022-01-27
239,239,Heather Terrell,+1-551-665-6019,Lahore,2022-05-21
240,240,Anthony Bryant,001-582-528-2502x847,Dubai,2022-08-03
241,241,Alison Waller,(622)207-3278,Karachi,2022-02-16
242,242,Marissa Vargas,001-994-352-8005,Muzaffarabad,2022-05-25
243,243,Cynthia Wallace,8315894397,Mirpur,2022-12-01
244,244,Amanda Day,001-949-673-8944x13089,Rawalpindi,2022-07-29
245,245,Christine Bryan,849-745-9123,Rawalpindi,2022-04-21
246,246,Patricia Johnson,(201)253-9203x6061,Ajman,2022-08-22
247,247,David Simon,(950)430-1269,Peshawar,2022-08-30
248,248,Joyce Richardson,(439)967-1897,Dubai,2022-10-10
249,249,Corey Dunn,873-764-6297,Lahore,2022-01-20
250,250,Jennifer Coleman,+1-230-534-2888x0134,Lahore,2022-04-17
251,251,David Reed,490.495.0632x32684,Ajman,2022-08-12
252,252,Leslie Phillips,(489)715-2488x576,Karachi,2022-06-23
253,253,Lisa Huff,+1-865-759-4415x42005,Lahore,2022-07-19
254,254,Cynthia Bradley,953-646-5146x4456,Dubai,2022-03-18
255,255,Terry Williams,898-315-7749x16211,Ajman,2022-11-04
256,256,Bryan Burns,(315)991-1131,Islamabad,2022-10-10
257,257,George Gonzalez,249.232.6997,Peshawar,2022-04-27
258,258,Vernon Jenkins,416-843-4605,Ajman,2022-07-18
259,259,Philip Walton,(261)581-4053x23334,Islamabad,2022-11-29
260,260,Jessica Henderson,340-981-3839x327,Islamabad,2022-08-16
261,261,Steven Richardson,607-992-4482x316,Peshawar,2022-06-05
262,262,Brandon Cook,+1-708-475-7365,Sharjah,2022-07-14
263,263,Jeremiah Hale,001-617-531-9878x054,Peshawar,2022-08-24
264,264,Jeremy Munoz,520-416-1398x72328,Peshawar,2022-11-30
265,265,Ryan Mcintosh,+1-751-626-0705x6752,Rawalpindi,2022-10-31
266,266,Jean Hale,(968)800-1075x41991,Peshawar,2022-10-07
267,267,Sarah Walls,001-575-757-0051,Muzaffarabad,2022-06-20
268,268,Patrick Adkins,001-661-491-8859x509,Ajman,2022-11-14
269,269,Danielle Lester,557-717-0231x200,Rawalpindi,2022-12-29
270,270,Amy Short,(232)961-2233,Mirpur,2022-02-24
271,271,Jason Jones,754-535-4309x211,Mirpur,2022-05-21
272,272,Lindsay Perkins,621-948-4601,Rawalpindi,2022-07-03
273,273,Dominic Frazier,413-713-2294x13326,Rawalpindi,2022-11-16
274,274,Michele Alvarez,001-409-271-8253x739,Peshawar,2022-08-01
275,275,George Jones,+1-660-718-0212x52650,Mirpur,2022-01-29
276,276,Eric Winters,+1-865-813-5772,Mirpur,2022-07-16
277,277,Monique Braun,+1-499-453-8727x94025,Karachi,2022-01-09
278,278,Richard White,001-676-609-1731,Rawalpindi,2022-07-18
279,279,Lisa Huynh,566.430.0278,Karachi,2022-12-01
280,280,Victoria Kelly,4704155389,Lahore,2022-06-12
281,281,Chad Hayes,001-355-834-1580x26164,Lahore,2022-10-27
282,282,Mrs. Kristin Hoffman,(738)902-3260,Mirpur,2022-08-20
283,283,Madison Roberts,+1-777-755-7075,Muzaffarabad,2022-10-17
284,284,Victoria Jones,687.356.5796,Karachi,2022-01-09
285,285,Scott Marquez,799-503-5398x48750,Mirpur,2022-03-17
286,286,Courtney Gibbs,+1-447-804-7794x3373,Rawalpindi,2022-12-17
287,287,Brittany Anderson,001-599-575-9577x173,Lahore,2022-10-10
288,288,Kristen Anderson,+1-380-799-0145x3644,Lahore,2022-12-02
289,289,Jessica Anderson,(286)543-7645x8943,Sharjah,2022-10-01
290,290,Richard Bolton,999.676.0751,Rawalpindi,2022-06-11
291,291,Kristie Ewing,+1-676-408-2728,Muzaffarabad,2022-05-29
292,292,Robert Watts,405-383-1794x3071,Sharjah,2022-08-24
293,293,Susan Williamson,+1-280-697-0778x118,Islamabad,2022-11-10
294,294,Ronald Hampton,370.531.1524,Ajman,2022-01-21
295,295,Amanda Smith,001-513-997-4665x09780,Lahore,2022-01-30
296,296,Alicia Knox,5532618648,Muzaffarabad,2022-09-11
297,297,Beverly White,852.819.3057x2188,Muzaffarabad,2022-08-24
298,298,Justin Carter,+1-457-996-0181x924,Karachi,2022-06-26
299,299,Lee Sanchez,273.374.4330x0781,Rawalpindi,2022-04-28
300,300,Jennifer Hayes,961.556.9719x438,Karachi,2022-10-16
301,301,Heather Jones,(515)325-5807,Islamabad,2022-05-20
302,302,Craig Rios,(802)550-6996x4253,Ajman,2022-03-14
303,303,Jonathan Martinez,001-210-745-4779,Lahore,2022-03-08
304,304,Rachel Vincent,761.247.0001x162,Ajman,2022-03-28
305,305,Mandy Thomas,(404)862-7013x3672,Islamabad,2022-06-17
306,306,Morgan Manning,(983)403-1933x778,Ajman,2022-05-12
307,307,Michael Hayes,+1-471-657-3287x51005,Ajman,2022-03-09
308,308,Scott Freeman,001-200-819-1713x59784,Muzaffarabad,2022-05-13
309,309,Jerry Turner,428-854-3482,Ajman,2022-10-08
310,310,Karen Powers,+1-426-318-0994x17642,Muzaffarabad,2022-11-29
311,311,Teresa Baker,515.543.8519x507,Peshawar,2022-03-26
312,312,Nathan Richards,(257)710-4670,Lahore,2022-11-17
313,313,Melissa Gonzales,(280)569-1462x53973,Muzaffarabad,2022-11-30
314,314,Luis Fuller,001-269-648-7643,Peshawar,2022-10-02
315,315,Alexander Gordon,(736)258-0448,Islamabad,2022-07-12
316,316,Rebecca Mills,+1-866-854-0251,Muzaffarabad,2022-08-25
317,317,Paul Mccullough,771-384-1957,Ajman,2022-12-27
318,318,Nicholas Murray,321-651-5456,Rawalpindi,2022-07-27
319,319,Amanda Cole,776.370.0489x0366,Dubai,2022-03-26
320,320,James Ayers,9954664973,Dubai,2022-07-09
321,321,Aaron Robinson,(983)975-7437x80486,Lahore,2022-12-15
322,322,Jessica Li,001-202-415-4549x34473,Mirpur,2022-09-21
323,323,John Leach,782-806-5229,Islamabad,2022-12-04
324,324,Matthew Bowman,(623)314-4355,Lahore,2022-01-09
325,325,James Aguilar Jr.,705.686.5336,Rawalpindi,2022-07-03
326,326,Deanna Bright,664-418-6234,Ajman,2022-10-26
327,327,Daniel Thomas,458.911.6480x153,Rawalpindi,2022-01-17
328,328,Amanda Decker,916-802-9198x53467,Karachi,2022-06-16
329,329,Andre Castaneda,309.580.4049,Dubai,2022-08-06
330,330,Courtney Johnson,924.550.5065x9127,Lahore,2022-10-02
331,331,Nicole Phillips,+1-998-887-6666x697,Rawalpindi,2022-07-09
332,332,Taylor Welch,(370)790-4023x10352,Ajman,2022-08-27
333,333,Carlos Jackson,+1-767-679-4443x679,Peshawar,2022-06-02
334,334,Linda Lopez,319-724-7613x219,Ajman,2022-12-01
335,335,James Pruitt,616.632.7708x241,Rawalpindi,2022-11-03
336,336,Carol Salazar,(702)460-2596x301,Islamabad,2022-03-31
337,337,Michael Robertson,354-990-2863x315,Islamabad,2022-02-06
338,338,Craig Johnson,+1-545-762-8164x3041,Dubai,2022-12-07
339,339,Tina Johnson,425-884-7188,Lahore,2022-05-25
340,340,Michael Ortiz,001-659-770-4220x4072,Muzaffarabad,2022-07-16
341,341,Michael Campbell,(649)236-3060x9913,Rawalpindi,2022-08-30
342,342,John Morris,(976)965-3628,Dubai,2022-06-19
343,343,Jessica Miller,622.469.2157x430,Mirpur,2022-01-02
344,344,Mary Fitzgerald,+1-605-248-3078x635,Peshawar,2022-06-12
345,345,Kenneth Coleman,(588)240-5039,Karachi,2022-08-20
346,346,Nathan Cuevas,+1-768-851-2037x86284,Mirpur,2022-09-15
347,347,Monica Williams,945.615.9705,Sharjah,2022-07-19
348,348,Charles Wu,553-625-6951x17026,Rawalpindi,2022-05-28
349,349,Jennifer Jennings,681.261.7515x027,Islamabad,2022-07-27
350,350,Michael Martin,706.947.9053,Lahore,2022-08-20
351,351,Drew Reed,932-308-5014,Lahore,2022-05-30
352,352,Jacob Perry,(263)729-0010,Mirpur,2022-01-29
353,353,Randy Baker,217-311-5390,Lahore,2022-08-01
354,354,Caleb Taylor,001-612-737-0166x4094,Islamabad,2022-01-29
355,355,Matthew Jones,001-845-209-3554x850,Rawalpindi,2022-05-20
356,356,Jonathan Morris,501-904-6809x0337,Lahore,2022-09-11
357,357,Tammy Butler,(867)781-9660,Peshawar,2022-06-05
358,358,Joseph Stephenson,+1-717-460-4319x30967,Ajman,2022-05-09
359,359,Robin Smith,9378584945,Muzaffarabad,2022-04-10
360,360,Hannah Gray,359-545-6416x29412,Sharjah,2022-06-08
361,361,Shannon Dawson,(226)515-6133x95985,Muzaffarabad,2022-10-26
362,362,Melissa Woods,001-333-786-5579,Dubai,2022-03-09
363,363,Martha Jackson,773.388.9891,Sharjah,2022-06-16
364,364,Cathy Brown,519.522.6244,Sharjah,2022-08-24
365,365,Matthew Duncan,5798507916,Lahore,2022-09-30
366,366,Molly Solomon,+1-269-285-4016x027,Dubai,2022-08-23
367,367,Dylan Harris,491.476.6125,Rawalpindi,2022-06-17
368,368,Jeffrey Craig,001-325-745-9647x873,Rawalpindi,2022-07-04
369,369,Janice Stout,232-563-1084x088,Mirpur,2022-07-28
370,370,Wendy Lawson,8262810872,Sharjah,2022-08-21
371,371,James Walker,450.974.9920x744,Dubai,2022-06-01
372,372,Reginald Martinez,001-595-671-7215,Sharjah,2022-01-21
373,373,Gabrielle Morgan,(367)744-0612,Sharjah,2022-10-08
374,374,Mrs. Monica Graham,584-608-6566x3618,Sharjah,2022-03-07
375,375,Pamela Clark,329-997-9951,Lahore,2022-06-05
376,376,Michael Newman,(268)741-1220x865,Lahore,2022-10-05
377,377,Shelley Conrad,(803)691-9467,Lahore,2022-10-15
378,378,Jeffrey Smith,217-793-1253,Peshawar,2022-07-22
379,379,Jessica Clements,+1-625-361-6594x724,Dubai,2022-05-12
380,380,Tyrone Phillips,001-972-631-4181x9664,Mirpur,2022-07-27
381,381,Patricia Freeman,500-965-3195x8656,Ajman,2022-03-29
382,382,Troy Tate,5872632542,Karachi,2022-01-29
383,383,Kelly Strong,935-724-9636x721,Peshawar,2022-05-19
384,384,Eric Soto,+1-342-488-2143x6624,Islamabad,2022-06-09
385,385,Michael Anderson,973.458.5037,Peshawar,2022-06-16
386,386,Brittany George,(324)721-4050x3254,Islamabad,2022-07-01
387,387,Dustin Hill,+1-751-923-6633x6265,Sharjah,2022-03-18
388,388,Michelle Joseph,813.529.1453x2598,Ajman,2022-12-04
389,389,Karen Hill,731-297-1198,Peshawar,2022-06-27
390,390,David Barrett,325.568.1888x724,Dubai,2022-09-04
391,391,David Lee,001-875-394-5519x8869,Peshawar,2022-06-28
392,392,Joseph Morrison,001-861-906-8260x2778,Mirpur,2022-01-09
393,393,Melissa Austin,+1-318-588-3621,Karachi,2022-10-06
394,394,Robert Lucas,355.707.8547,Islamabad,2022-07-03
395,395,Sarah Bradley,(473)839-1391x0639,Ajman,2022-08-16
396,396,Paul Robbins,340.880.2746x613,Mirpur,2022-12-22
397,397,Matthew Manning,697-387-1603x563,Dubai,2022-09-28
398,398,Pamela Vaughan,001-556-722-2005,Peshawar,2022-07-13
399,399,John Carlson,421.266.9091x97658,Islamabad,2022-05-25
400,400,Jodi Edwards,827-713-8406,Rawalpindi,2022-11-05
401,401,Mrs. Amy Villarreal DDS,001-768-432-1536x24121,Dubai,2022-10-17
402,402,Nicholas Hayes,472-992-4769,Ajman,2022-09-18
403,403,Haley Taylor,545.694.4122x260,Mirpur,2022-01-04
404,404,David Nelson,(237)409-3799x4834,Karachi,2022-10-09
405,405,David Fernandez,371-772-6230x400,Islamabad,2022-03-03
406,406,James Salinas,955.953.8358x4838,Rawalpindi,2022-03-01
407,407,Patricia Terrell,(330)743-4411,Peshawar,2022-10-11
408,408,Joseph Smith,(699)257-1393,Dubai,2022-08-20
409,409,Austin Hamilton,(580)928-0229x9013,Rawalpindi,2022-03-31
410,410,Mrs. Diana Fields,(860)670-7015,Rawalpindi,2022-01-18
411,411,Melissa Rice,(522)370-9833,Islamabad,2022-09-17
412,412,John Hernandez,351.946.0156,Karachi,2022-10-29
413,413,Chad Taylor,+1-385-777-2381,Islamabad,2022-10-07
414,414,Brad Gardner,397.251.7662x06621,Dubai,2022-11-26
415,415,Ann Roberts,001-242-473-9147x546,Lahore,2022-01-27
416,416,Kathryn Hill,(596)601-4984x70736,Mirpur,2022-06-30
417,417,Mandy Roberts,+1-814-672-8323,Ajman,2022-06-08
418,418,David Hill,001-604-476-0165x193,Rawalpindi,2022-03-17
419,419,Amber Cooper,747-818-3086x622,Ajman,2022-12-10
420,420,Ana Brooks,+1-878-762-5108x619,Lahore,2022-11-22
421,421,John Miller,5746673301,Ajman,2022-01-27
422,422,Christopher Johnson,+1-632-884-2590x68935,Peshawar,2022-01-31
423,423,Lisa Wells,(310)797-0274x75516,Sharjah,2022-10-05
424,424,Kimberly Barton,5748897774,Peshawar,2022-06-28
425,425,Daniel Harrington,+1-546-682-2128x64306,Sharjah,2022-11-30
426,426,Ronald Conway,543.535.1824x43258,Muzaffarabad,2022-01-03
427,427,Joseph Harrison,+1-916-380-0438x32573,Dubai,2022-10-23
428,428,Mr. Leonard Wyatt MD,380-744-7005,Ajman,2022-06-30
429,429,Joseph Cox,742-728-8511x247,Muzaffarabad,2022-01-27
430,430,John Dixon,+1-782-348-2954,Peshawar,2022-11-12
431,431,William Carr,+1-596-705-0593x477,Dubai,2022-09-21
432,432,Carol Rice,(558)863-8948,Muzaffarabad,2022-07-10
433,433,David Spencer,256-478-5663x1919,Mirpur,2022-09-12
434,434,Frank Freeman,(905)684-6835x526,Sharjah,2022-09-04
435,435,Lindsey Wilson,916-871-5624,Lahore,2022-07-19
436,436,Jonathan Jones,9447727761,Peshawar,2022-05-22
437,437,Shawn Hall,(985)344-0447x2116,Sharjah,2022-02-21
438,438,Daniel Miller,001-830-329-3927,Lahore,2022-05-14
439,439,Mark Chambers,(377)721-7225,Dubai,2022-05-25
440,440,Janice Johnson,(204)742-1439x3556,Lahore,2022-12-15
441,441,Shelly Carroll,+1-448-344-1366x036,Karachi,2022-05-26
442,442,Bryan Rodriguez,(579)569-0287x6977,Rawalpindi,2022-02-14
443,443,David Green,737-507-2354,Peshawar,2022-04-05
444,444,John Moody,+1-517-870-5786,Peshawar,2022-01-29
445,445,Brittany Taylor,990-829-3402,Rawalpindi,2022-03-14
446,446,Craig Roman,2037733610,Mirpur,2022-04-08
447,447,Adam Duran,+1-971-884-3245,Sharjah,2022-10-31
448,448,Peter Gonzalez,+1-856-418-5553,Peshawar,2022-04-15
449,449,Ryan Patterson,001-261-605-3817x8778,Mirpur,2022-07-09
450,450,Matthew Brown,393-383-5368x75296,Muzaffarabad,2022-05-15
451,451,Ethan Duncan,+1-497-729-5981x436,Sharjah,2022-08-27
452,452,Jennifer Pierce,+1-635-715-9305x53643,Islamabad,2022-10-31
453,453,Cory Herman,001-588-926-0002x66725,Ajman,2022-06-07
454,454,Regina Williams,+1-786-757-1900x98395,Mirpur,2022-04-21
455,455,Lorraine Johnson,265-689-1500,Karachi,2022-01-21
456,456,Jorge Lopez,(383)275-6358x07515,Karachi,2022-11-18
457,457,David Miller,(220)597-7081,Dubai,2022-08-21
458,458,David Hartman,934-204-5624,Karachi,2022-12-13
459,459,Marc Reynolds,+1-447-992-2143,Peshawar,2022-07-19
460,460,Stephanie Mckinney,(792)390-8919x68346,Karachi,2022-02-24
461,461,Destiny Dixon,9234423279,Sharjah,2022-05-24
462,462,Timothy Cruz,001-644-448-4625x953,Lahore,2022-11-25
463,463,Calvin Beltran,251.795.9548x394,Ajman,2022-03-21
464,464,Renee Smith,801-611-8691,Islamabad,2022-12-31
465,465,Whitney Contreras,001-793-655-6846,Mirpur,2022-04-27
466,466,Steven Smith,+1-274-712-8304x40585,Islamabad,2022-01-18
467,467,Michael Mccormick,(650)396-2143,Sharjah,2022-08-30
468,468,Christopher Jensen,+1-669-365-9073x25374,Ajman,2022-06-06
469,469,Sandra Clark,(423)485-9462,Muzaffarabad,2022-02-01
470,470,Jessica Price,001-652-562-6566x8794,Muzaffarabad,2022-01-03
471,471,Kristie Thomas,782.408.3790x8318,Rawalpindi,2022-11-25
472,472,Christine Horton,001-478-325-2639x60588,Ajman,2022-11-14
473,473,Paul Pope,+1-893-765-5591,Lahore,2022-04-10
474,474,Jessica Swanson,9877656750,Muzaffarabad,2022-11-04
475,475,Randy Baker,+1-732-765-3103,Islamabad,2022-11-22
476,476,Crystal Walker,001-980-521-1141,Sharjah,2022-04-30
477,477,Patrick Nelson,992.925.8343,Muzaffarabad,2022-10-23
478,478,Jessica Mccann,+1-570-738-1443x46435,Islamabad,2022-12-18
479,479,Brandi White,001-793-582-4792,Sharjah,2022-10-23
480,480,Angela Mcintyre,(637)693-0726x46716,Dubai,2022-09-29
481,481,Jill Golden,328-701-1237,Rawalpindi,2022-04-10
482,482,Catherine Chapman,878-392-8262,Rawalpindi,2022-01-21
483,483,Shelley Hernandez,+1-721-945-2007,Islamabad,2022-11-14
484,484,Ana Grant,+1-979-862-0558,Karachi,2022-02-28
485,485,Denise Brown,001-385-866-5957x2796,Dubai,2022-05-24
486,486,Andrew Rodriguez,358-417-8348,Sharjah,2022-06-20
487,487,Dr. Maureen Ware,372-821-7813x234,Ajman,2022-02-10
488,488,Sherry Bailey,001-343-200-3016x161,Dubai,2022-07-18
489,489,Stephen Young,712-274-5580,Karachi,2022-12-10
490,490,Maria Sosa,268-566-6067,Rawalpindi,2022-12-27
491,491,Ryan Lindsey,(462)291-1079x0073,Rawalpindi,2022-07-03
492,492,Rhonda Pace,+1-760-582-6586x301,Peshawar,2022-12-30
493,493,Dana Johnson,001-323-743-0536x7679,Islamabad,2022-06-23
494,494,Stephanie Lyons,222.831.1927,Muzaffarabad,2022-10-20
495,495,Willie Carter,(429)570-1868x4039,Lahore,2022-05-29
496,496,Heather Matthews,977.584.6897,Muzaffarabad,2022-04-21
497,497,Amanda Robinson,(303)832-1687x095,Karachi,2022-09-05
498,498,Jeremy Walker,560-445-0163x492,Dubai,2022-03-14
499,499,Lindsay Webb,923.808.4215x1580,Islamabad,2022-06-16
500,500,Andrew Brown,293.442.4036x37481,Sharjah,2022-01-12
501,501,Michelle Bailey,+1-563-776-0348x43361,Rawalpindi,2022-06-10
502,502,Teresa Thomas,+1-704-667-5548,Mirpur,2022-06-06
503,503,James Moore,+1-440-732-7233x48194,Lahore,2022-01-30
504,504,Darlene Mahoney,+1-574-243-1517x2077,Rawalpindi,2022-07-19
505,505,Jared Chavez,609-270-0124,Islamabad,2022-12-10
506,506,Brooke York,(517)672-3420x963,Islamabad,2022-07-16
507,507,Kevin Mathis,571.632.7144,Dubai,2022-12-23
508,508,Mrs. Melissa Eaton DDS,267-380-4013,Ajman,2022-06-22
509,509,Amber Kline,(423)513-9239x086,Islamabad,2022-11-16
510,510,Donald Stephenson,264-297-3789,Sharjah,2022-12-17
511,511,Rhonda Baker,(835)817-3505x5546,Muzaffarabad,2022-11-08
512,512,Brandi Woodward,001-665-305-3361x13235,Dubai,2022-02-14
513,513,Nicole Anderson,213-859-5293x783,Sharjah,2022-06-02
514,514,Christopher Greene,(699)235-2167,Islamabad,2022-05-20
515,515,Jared Collins,278-486-5763,Muzaffarabad,2022-07-25
516,516,Matthew Hamilton,(617)999-5780x65090,Rawalpindi,2022-12-28
517,517,Kellie Miller MD,792-974-4354x75054,Ajman,2022-12-10
518,518,Jessica Bowen,281.804.0342,Sharjah,2022-01-29
519,519,Michael Rodgers,740-414-0111x2093,Rawalpindi,2022-01-04
520,520,Thomas Mcdonald,652.596.0047x02281,Muzaffarabad,2022-03-28
521,521,Cameron Woodward,(700)824-7386x525,Mirpur,2022-11-21
522,522,James Coleman,(433)817-6404x198,Sharjah,2022-12-09
523,523,Jeffrey Carter,507-483-2521x5250,Islamabad,2022-02-06
524,524,Daniel Huber,+1-337-512-6009x2452,Karachi,2022-04-28
525,525,Steven Gross,233.212.1551x03900,Ajman,2022-07-09
526,526,Nicole Wise,(663)937-3549x42351,Lahore,2022-07-04
527,527,Kevin Briggs,+1-802-872-6676x1508,Lahore,2022-11-26
528,528,Sue Ross,(381)794-2542,Rawalpindi,2022-08-20
529,529,Jasmine House,997.567.1844x5543,Rawalpindi,2022-05-02
530,530,Bob Smith,001-654-458-1334,Lahore,2022-08-25
531,531,Joseph Joyce,368.445.0510x5237,Peshawar,2022-10-23
532,532,David Smith,+1-633-351-7684x107,Lahore,2022-07-03
533,533,James Davidson,(675)355-9969x1995,Lahore,2022-12-05
534,534,Richard Rogers,335-980-6373x2084,Mirpur,2022-03-03
535,535,James Waters,949-773-7908,Sharjah,2022-06-26
536,536,Charles Hensley,(999)744-3941x44074,Ajman,2022-04-09
537,537,Dawn Rodriguez,+1-854-718-6963x2891,Peshawar,2022-09-04
538,538,Carol Chan,001-782-792-2956x4378,Ajman,2022-05-21
539,539,Michelle Dougherty,001-586-507-1969x397,Mirpur,2022-07-08
540,540,Anthony Mcintyre,428-894-7869,Mirpur,2022-07-02
541,541,Hannah Stafford,+1-970-977-8771x69268,Karachi,2022-02-23
542,542,Eric Santiago,001-917-944-0775x771,Rawalpindi,2022-10-31
543,543,Christopher Bell,+1-560-708-7581x71261,Muzaffarabad,2022-01-10
544,544,Joseph Romero,3075370567,Peshawar,2022-04-15
545,545,Benjamin Gibson,364.601.4989,Islamabad,2022-11-17
546,546,Kelli Ray,9445755158,Rawalpindi,2022-08-29
547,547,Matthew Rodriguez,(303)998-4908,Ajman,2022-10-20
548,548,Madeline Beck,001-970-679-1898x42617,Muzaffarabad,2022-03-18
549,549,James Adams,492-681-4312x587,Karachi,2022-03-06
550,550,Julie Jones,001-733-552-0969x507,Lahore,2022-04-01
551,551,David Johnston,427-858-1548x034,Mirpur,2022-10-19
552,552,Laura Curry,+1-205-754-9550x851,Lahore,2022-01-21
553,553,Nicholas Pennington,001-281-920-8859x16404,Peshawar,2022-03-28
554,554,Kevin Harris,(737)976-7188x5661,Karachi,2022-07-11
555,555,Jason Wagner,+1-649-731-9275x00560,Muzaffarabad,2022-01-29
556,556,Christopher Rose,650-300-4188x70200,Muzaffarabad,2022-10-05
557,557,Ryan Young,+1-281-637-7626,Dubai,2022-05-13
558,558,Thomas Cox,+1-569-379-3665,Muzaffarabad,2022-11-28
559,559,Harry Snyder,8993736008,Rawalpindi,2022-06-28
560,560,Kenneth Edwards,216.897.7972x6831,Rawalpindi,2022-04-05
561,561,John Hayden,001-232-374-7164x1913,Dubai,2022-04-16
562,562,Ryan Gay,(426)525-5993x0023,Lahore,2022-03-07
563,563,Jeremy Davis,001-215-553-1094,Dubai,2022-02-08
564,564,Alan Williams,406.890.0783x777,Sharjah,2022-11-16
565,565,Patricia Garcia,631.809.1618x320,Islamabad,2022-11-30
566,566,Samantha Hill,420-267-2391,Mirpur,2022-04-08
567,567,Veronica Browning,(667)714-2897,Karachi,2022-04-12
568,568,Mark Grant,001-683-268-5556,Sharjah,2022-11-23
569,569,Derrick Harris,001-791-421-0505x1176,Rawalpindi,2022-09-04
570,570,Joshua Thompson,458.532.7345,Sharjah,2022-07-08
571,571,Katie Ayers,410.656.9104x620,Ajman,2022-05-28
572,572,Frank Hill,(327)294-5990,Muzaffarabad,2022-06-14
573,573,Shane Jones,8173010624,Mirpur,2022-10-22
574,574,Lee Thomas,001-852-799-6221x1778,Ajman,2022-07-05
575,575,Christopher Mills,+1-884-591-3115x085,Ajman,2022-05-29
576,576,Joy Salinas,732-885-9924,Rawalpindi,2022-12-17
577,577,Terry Tate,+1-341-977-8398x279,Ajman,2022-03-02
578,578,Michael Gonzalez,+1-590-990-2018x013,Mirpur,2022-04-21
579,579,Chelsea Mcdonald,308.483.9980x9430,Islamabad,2022-09-06
580,580,Natalie Moore,288-874-0420,Mirpur,2022-01-29
581,581,Luis Cherry,001-954-726-8530,Lahore,2022-08-09
582,582,Gregory Williams,(662)635-9797x0130,Karachi,2022-08-30
583,583,Albert Robbins,001-579-361-5800x16307,Mirpur,2022-12-05
584,584,Mallory Elliott,001-844-551-2825,Lahore,2022-08-09
585,585,Dr. Victoria Rios,+1-350-614-6686x0856,Islamabad,2022-06-20
586,586,Dana Brown,+1-368-690-6222,Mirpur,2022-08-08
587,587,Logan Young,(577)475-4506x48832,Muzaffarabad,2022-09-17
588,588,Michael Miller,(914)242-6359,Islamabad,2022-11-27
589,589,Joseph Cooper,001-646-859-6373x27362,Dubai,2022-04-17
590,590,Nicole Taylor,001-832-617-6564x40205,Karachi,2022-07-27
591,591,Jennifer Garcia,829-272-0196x4616,Karachi,2022-10-20
592,592,Tiffany Lambert,+1-421-878-6642,Rawalpindi,2022-10-27
593,593,Robert Smith,+1-743-388-6829x3239,Peshawar,2022-06-08
594,594,David David,+1-436-334-3639,Dubai,2022-11-30
595,595,Tiffany Cordova,+1-671-324-1228x345,Karachi,2022-01-21
596,596,Michelle Jones,001-391-201-4006x94115,Muzaffarabad,2022-02-08
597,597,Samuel Harrison,(572)972-7626x13160,Karachi,2022-03-14
598,598,Amanda Harris,(237)783-7719,Mirpur,2022-01-21
599,599,Kimberly Rogers,3103046737,Mirpur,2022-01-30
600,600,Katherine Mcdaniel,836-452-9054x48114,Islamabad,2022-12-10
601,601,Felicia Rodriguez,+1-977-315-2413x23280,Mirpur,2022-11-21
602,602,Sean Baker,239-302-2941x04880,Lahore,2022-02-18
603,603,Deborah Marshall,(761)662-8633x003,Mirpur,2022-04-05
604,604,Susan Flores,+1-862-524-9960x1429,Islamabad,2022-02-16
605,605,Bridget Benson,001-648-701-3479x7550,Peshawar,2022-01-19
606,606,Jimmy Marshall,001-906-467-8817,Rawalpindi,2022-07-09
607,607,Matthew Bell,201.736.7262x503,Lahore,2022-10-28
608,608,Victor Fisher,001-825-545-6120x436,Rawalpindi,2022-09-02
609,609,Peter Roth,9322837237,Lahore,2022-12-23
610,610,Christy Freeman,591-205-2475,Ajman,2022-01-12
611,611,Yvonne Phillips,382-967-4065,Karachi,2022-05-11
612,612,Curtis Wood,(976)594-4677x8528,Islamabad,2022-07-16
613,613,Michael Pineda,(506)641-4276x419,Mirpur,2022-04-27
614,614,Robin Rios,+1-736-342-2977x44095,Lahore,2022-12-17
615,615,Michael Wright,6113059782,Islamabad,2022-02-21
616,616,Melanie Powell,(454)979-4400x513,Lahore,2022-03-31
617,617,Annette Holt,001-688-898-3941x72144,Muzaffarabad,2022-07-16
618,618,Brandon Gates,(933)346-3469x945,Ajman,2022-06-14
619,619,Christina Kirby,369.482.2021x89584,Sharjah,2022-06-14
620,620,Jennifer Campos,382.944.4270x2721,Lahore,2022-12-04
621,621,Katherine Ramirez,001-583-316-6098x589,Sharjah,2022-05-21
622,622,Jessica Fleming,995-536-1995x725,Rawalpindi,2022-09-17
623,623,Erika Stark,001-322-230-4670x25370,Mirpur,2022-02-06
624,624,Melinda Erickson,001-752-333-3086x606,Lahore,2022-07-19
625,625,Christine Garcia,+1-542-900-1861x4395,Karachi,2022-01-09
626,626,Cheryl Black,4649411937,Lahore,2022-02-18
627,627,Paul Todd,(496)698-9602,Rawalpindi,2022-06-27
628,628,Michael Campbell,345.891.2044,Peshawar,2022-11-25
629,629,John King,606.737.7453x51726,Ajman,2022-06-20
630,630,Jenna Ingram,(549)643-2096x7174,Islamabad,2022-04-26
631,631,Dennis Harris,+1-580-578-2340,Muzaffarabad,2022-04-17
632,632,Bradley Jones,001-208-345-9116x2893,Sharjah,2022-12-23
633,633,Edward Cowan,(349)739-8823,Karachi,2022-08-28
634,634,Michael Clark,635.984.5995,Rawalpindi,2022-07-16
635,635,Reginald Jones,+1-865-942-8110x07438,Ajman,2022-05-14
636,636,Christopher Williams,(421)750-0535,Lahore,2022-11-16
637,637,Matthew Smith,001-765-887-4927x1804,Dubai,2022-07-26
638,638,William Hernandez,+1-453-268-4957x83573,Lahore,2022-12-17
639,639,Mark Perry,764.957.5044,Ajman,2022-07-23
640,640,Brian Medina,374-936-5810x363,Ajman,2022-01-28
641,641,Christopher Goodwin,258-915-6010x587,Islamabad,2022-05-15
642,642,Kimberly Bailey,(822)290-4714x67764,Islamabad,2022-09-23
643,643,Willie Daniel,863.427.1793,Peshawar,2022-03-26
644,644,Laura Branch,+1-538-592-8028x328,Mirpur,2022-01-16
645,645,Matthew Davenport,+1-499-659-2229x94057,Karachi,2022-03-31
646,646,Lauren Evans,983-823-4219x59660,Sharjah,2022-04-10
647,647,Melissa Vang,+1-451-487-8754x27576,Dubai,2022-10-29
648,648,Sandra Carter,(642)867-5118x231,Mirpur,2022-04-07
649,649,Stephen Pitts,969-584-3972x8884,Sharjah,2022-11-27
650,650,Deborah Gordon,001-761-665-7431x915,Muzaffarabad,2022-02-02
651,651,Christina Smith,+1-557-649-1526,Peshawar,2022-02-03
652,652,Roger Williams,(751)791-6717,Mirpur,2022-04-17
653,653,Wayne Campbell,+1-450-497-5754,Muzaffarabad,2022-02-17
654,654,Stephen Carr,+1-757-438-4518x3516,Ajman,2022-01-03
655,655,Molly Villa,(210)246-2473x2788,Lahore,2022-09-27
656,656,Kyle Buchanan,459-671-7402,Rawalpindi,2022-02-26
657,657,Robert Silva,621-513-3650x5087,Ajman,2022-08-19
658,658,Ashley Turner,(215)930-8979,Sharjah,2022-05-31
659,659,Carolyn Stewart,+1-891-367-2006x878,Muzaffarabad,2022-07-27
660,660,Jessica Patel,232-386-8659x1253,Islamabad,2022-05-28
661,661,Leslie Solomon,(728)725-2626x57883,Muzaffarabad,2022-03-09
662,662,Dawn Donovan,+1-984-225-8413x0922,Mirpur,2022-12-05
663,663,Stephanie Kelly,844-453-1954x02441,Muzaffarabad,2022-12-22
664,664,Carrie Hatfield,(680)389-4227,Mirpur,2022-09-02
665,665,William Osborne,850-269-4814,Rawalpindi,2022-12-13
666,666,Denise Gallagher,+1-447-973-8697x02372,Muzaffarabad,2022-10-04
667,667,Terri Potter,(780)768-6604,Dubai,2022-10-27
668,668,Alyssa Weber,001-258-617-4582x9668,Peshawar,2022-02-13
669,669,Nicholas Clark,701.819.2672x961,Sharjah,2022-01-07
670,670,Claudia Willis,300-465-4424x2991,Rawalpindi,2022-08-01
671,671,Maria Cox,960-367-0225,Islamabad,2022-07-01
672,672,Kara Estes,7544610591,Lahore,2022-12-27
673,673,Elizabeth Duncan,+1-992-277-6013,Muzaffarabad,2022-09-12
674,674,Daniel Foster,(589)379-2314x80120,Islamabad,2022-11-18
675,675,Patricia Diaz,559.207.5050,Sharjah,2022-02-16
676,676,Richard Chambers,001-585-661-7171x76458,Rawalpindi,2022-07-20
677,677,David White,+1-819-399-2392x7222,Rawalpindi,2022-01-10
678,678,Hector Wise,986.895.7212,Mirpur,2022-11-12
679,679,Daniel Gordon,(758)878-3739,Lahore,2022-08-13
680,680,Claire White,+1-561-936-3824,Muzaffarabad,2022-11-19
681,681,Nancy Graham,+1-962-212-1294x00280,Muzaffarabad,2022-09-17
682,682,Jennifer Hanson,652-477-1637,Peshawar,2022-04-07
683,683,Wyatt Russell,+1-636-909-8779x314,Rawalpindi,2022-11-03
684,684,Carolyn Thomas,(429)202-0740x54400,Mirpur,2022-02-03
685,685,Sara Weber,296.647.7770x64224,Muzaffarabad,2022-06-21
686,686,Michael Ortiz,7649619141,Lahore,2022-06-20
687,687,David Miles,+1-314-548-8761x4612,Peshawar,2022-10-05
688,688,Mark Miranda,761.952.6176x9820,Lahore,2022-08-12
689,689,Thomas Singh,+1-887-718-7598x287,Ajman,2022-06-10
690,690,Denise Velez,+1-893-266-0768,Karachi,2022-05-13
691,691,Michelle Miller,7426970945,Muzaffarabad,2022-03-31
692,692,Katherine Hendricks,(283)926-5691x63901,Ajman,2022-05-23
693,693,Christopher Baker,976-741-4596x4608,Islamabad,2022-06-21
694,694,Kelsey Simpson,(259)644-5926x65248,Sharjah,2022-03-18
695,695,Robert Rogers,(343)778-8050,Muzaffarabad,2022-04-16
696,696,Amanda Johnson,970.602.0388x41352,Karachi,2022-11-17
697,697,Dawn Carr,(570)204-3933x6017,Ajman,2022-10-01
698,698,Debra Hall,(782)734-5411x80896,Islamabad,2022-01-16
699,699,Zachary Colon,551-284-1930,Karachi,2022-04-23
700,700,Patricia Stone,+1-527-343-4593x62181,Sharjah,2022-02-02
701,701,Kimberly Brown,(976)717-3343x95142,Sharjah,2022-12-15
702,702,Jacob Zimmerman,230.431.5407,Peshawar,2022-05-31
703,703,Nicholas Miller,(757)866-1649x16380,Peshawar,2022-06-13
704,704,Samantha Cardenas,(311)522-8867x51115,Muzaffarabad,2022-06-14
705,705,William Brown,(301)937-1785x84958,Sharjah,2022-07-26
706,706,David Wells,8998882059,Peshawar,2022-11-06
707,707,Emily Anderson,310-327-1654x1261,Dubai,2022-09-11
708,708,Hunter Smith,436.702.1482x38431,Islamabad,2022-12-10
709,709,Cameron Pearson DDS,(769)439-8218x6425,Dubai,2022-10-01
710,710,Elizabeth Hooper,+1-996-985-0356x6014,Ajman,2022-01-21
711,711,Angela Crane,+1-427-614-2772,Lahore,2022-12-14
712,712,David Lawson,914.837.3398x92933,Sharjah,2022-04-11
713,713,Robert Hansen,001-725-664-4480,Sharjah,2022-12-07
714,714,Alejandra Morrison,715.497.0301x4162,Lahore,2022-03-07
715,715,Christine Spears,505.214.0728,Muzaffarabad,2022-08-29
716,716,Mrs. Anna Wiggins MD,402.705.2394,Peshawar,2022-03-10
717,717,Anthony Powell,637.906.9185,Sharjah,2022-08-16
718,718,Joe Moran,790.480.2533,Mirpur,2022-07-27
719,719,Stephen Castro,338.891.0447x31292,Karachi,2022-04-17
720,720,Patricia Gonzalez,+1-729-385-1443x068,Muzaffarabad,2022-11-15
721,721,Laura Smith,406-208-9943x47097,Rawalpindi,2022-06-10
722,722,Charles Stokes,350.210.9338x5219,Ajman,2022-01-15
723,723,Joseph Jones,423.947.0998x4055,Peshawar,2022-12-27
724,724,Lynn Murray,286-365-8909,Sharjah,2022-03-04
725,725,William Mann,001-303-810-9994x850,Dubai,2022-06-08
726,726,Robert Keller,8233241169,Islamabad,2022-07-21
727,727,Anne Blackwell,811.711.3478,Ajman,2022-01-05
728,728,Chase Yang,6842040138,Rawalpindi,2022-03-25
729,729,Catherine Bradley,8202294608,Islamabad,2022-05-21
730,730,Rachael Patel,+1-763-616-9374x326,Muzaffarabad,2022-02-24
731,731,Nathaniel Thompson,(716)210-2759x32230,Sharjah,2022-06-10
732,732,David Smith,(802)377-3407x3823,Peshawar,2022-12-01
733,733,Samuel Phillips,658.902.8195x211,Mirpur,2022-12-15
734,734,Charles Dickson,981-478-5008x604,Karachi,2022-09-23
735,735,Brett Woods,001-653-341-2755x953,Sharjah,2022-03-23
736,736,Daisy Conrad,+1-334-988-9535,Muzaffarabad,2022-07-08
737,737,Carol Andrade,+1-508-813-0627x19693,Lahore,2022-04-28
738,738,Julie Deleon,2053640717,Lahore,2022-10-17
739,739,Joe Walton,985.328.2298x318,Peshawar,2022-03-12
740,740,Charles Gonzalez,+1-229-925-8929x32287,Sharjah,2022-09-07
741,741,Tammy Cole,+1-398-670-5871,Lahore,2022-07-02
742,742,Karina King,467.211.7868,Peshawar,2022-03-30
743,743,Brenda Williams,658.315.6199x018,Muzaffarabad,2022-03-18
744,744,Bryan Melton,306-937-0628x392,Lahore,2022-04-27
745,745,Carlos Goodwin,383.752.6719,Mirpur,2022-04-15
746,746,Paul Coleman,(880)201-2917x5819,Ajman,2022-06-10
747,747,Robert Wong,6329939558,Mirpur,2022-08-01
748,748,Patricia Lee,575.444.5580x40493,Mirpur,2022-01-27
749,749,Alexis Cruz,843.548.5296x05676,Rawalpindi,2022-05-20
750,750,Steven Cannon,(343)459-2212,Lahore,2022-04-15
751,751,Anthony Mcdonald,656-847-0666,Lahore,2022-10-15
752,752,Theresa Hayden,978-683-5758x41000,Peshawar,2022-08-27
753,753,Thomas Gardner,347-868-6138x44098,Sharjah,2022-03-01
754,754,Natasha Santos,001-494-356-7649,Rawalpindi,2022-10-08
755,755,Christine Johnson,+1-860-710-7932,Rawalpindi,2022-08-12
756,756,Ellen Williams,+1-873-573-4963x58902,Lahore,2022-09-29
757,757,Jacob Wright,001-996-611-2552x5333,Peshawar,2022-07-19
758,758,Rebecca Conner,+1-721-482-8428x1734,Mirpur,2022-06-28
759,759,Scott Porter,+1-355-838-2181x6709,Ajman,2022-02-14
760,760,Gregory Hopkins,(320)979-7981x8858,Muzaffarabad,2022-02-25
761,761,Felicia Stephenson,732-623-4524x571,Karachi,2022-09-28
762,762,Robert Garrett,929.691.5729,Mirpur,2022-03-14
763,763,Nathaniel Jackson,230.842.2322x344,Dubai,2022-10-26
764,764,Christine Liu,+1-389-756-4756x7678,Lahore,2022-01-29
765,765,Jeremy Olson,439.883.1823x894,Muzaffarabad,2022-02-14
766,766,Michael Reynolds,(948)760-5348x5206,Lahore,2022-10-16
767,767,Johnny Garcia,+1-278-971-0140x4981,Muzaffarabad,2022-06-30
768,768,Robert Gamble,(445)575-1798,Ajman,2022-03-28
769,769,Julie Gonzalez,(945)354-0500x7860,Ajman,2022-01-28
770,770,William Young,875.521.9001x07342,Islamabad,2022-07-19
771,771,Donald Bradley,722-617-9583x645,Dubai,2022-12-18
772,772,David Hodges,+1-889-743-0706x002,Dubai,2022-04-17
773,773,James Mccann,001-779-443-9777x062,Mirpur,2022-01-05
774,774,Joy Miller,001-672-623-6980,Islamabad,2022-10-07
775,775,Rebecca Randolph,001-889-523-4309x6952,Muzaffarabad,2022-10-26
776,776,Kimberly Gilmore,(297)309-9309x7331,Rawalpindi,2022-10-28
777,777,Melissa Costa,388.947.2702,Rawalpindi,2022-02-08
778,778,Stephanie Jones,814.841.5033x727,Peshawar,2022-11-18
779,779,Anthony Diaz,001-395-639-4750x4035,Lahore,2022-07-25
780,780,Amanda Davis,606.378.1078,Muzaffarabad,2022-12-10
781,781,Michele Gray,3658007312,Ajman,2022-12-07
782,782,James Smith,447-290-3421,Rawalpindi,2022-10-19
783,783,Angel Vance,001-792-330-4541x611,Peshawar,2022-11-06
784,784,Charles Barton,001-660-761-3377x44053,Dubai,2022-05-11
785,785,James Brooks,630-839-8617x1238,Dubai,2022-06-07
786,786,Sandra Oliver,920.220.8866,Ajman,2022-07-26
787,787,William Hale,6123694290,Dubai,2022-06-27
788,788,Mrs. Karen Huynh,(482)233-9810,Mirpur,2022-09-07
789,789,James Kirby,731.409.6752,Ajman,2022-03-30
790,790,Lawrence Hess,3255026621,Mirpur,2022-09-04
791,791,Jennifer Nichols,298.714.6671x270,Muzaffarabad,2022-01-17
792,792,Jonathan Griffith,(871)894-2597,Rawalpindi,2022-08-15
793,793,Steven Brown,(361)321-9978x908,Ajman,2022-01-14
794,794,Carly Black,938.491.2627x262,Karachi,2022-11-06
795,795,Brittany Martin,001-627-554-0915x637,Lahore,2022-02-13
796,796,Ashley Buckley,9354671562,Ajman,2022-04-09
797,797,Mr. Jesse Jones,293-393-0919x1612,Rawalpindi,2022-07-27
798,798,Jacqueline Kennedy,(503)541-8883x16988,Lahore,2022-08-23
799,799,Jamie Bright,(682)373-3432,Lahore,2022-08-28
800,800,Daniel Brown,604-704-6812,Islamabad,2022-01-31
801,801,Daniel Harris,669-764-9028,Ajman,2022-02-24
802,802,Michele Baker,990.852.7418x9579,Rawalpindi,2022-08-16
803,803,Raymond Weber,(263)216-2228x02352,Islamabad,2022-06-17
804,804,Robert Garcia,+1-916-981-8964x49875,Sharjah,2022-12-23
805,805,Riley Smith,885.597.4348,Islamabad,2022-11-01
806,806,Johnny Taylor,(879)389-8314x07453,Rawalpindi,2022-03-27
807,807,Christine Martinez,228.912.8368,Islamabad,2022-12-06
808,808,Alexander Pope,216.408.9391x1402,Muzaffarabad,2022-05-13
809,809,Holly Porter,956.856.1819x6416,Sharjah,2022-09-24
810,810,Kelli Morse,+1-657-749-4220x5071,Islamabad,2022-09-12
811,811,Samantha Jones,579.339.7046x6817,Islamabad,2022-04-08
812,812,David Aguilar,644-821-2082x0434,Sharjah,2022-11-23
813,813,Lisa Walters,+1-741-805-0181x0885,Ajman,2022-02-17
814,814,Jennifer Roberts,+1-354-390-0198,Peshawar,2022-11-17
815,815,Michael Brown,001-889-721-0301x7528,Islamabad,2022-11-11
816,816,Chase Castillo,001-914-341-3281x6354,Dubai,2022-08-15
817,817,Cynthia Choi,001-887-653-1538x260,Sharjah,2022-02-02
818,818,Richard Burns,(818)423-9530x6788,Lahore,2022-07-27
819,819,Colleen Jacobs,(758)298-2614x041,Dubai,2022-07-07
820,820,Anthony Wright,001-292-912-6601x01519,Islamabad,2022-09-30
821,821,Miguel Gonzalez,001-836-238-1339,Lahore,2022-03-11
822,822,Michelle Fuller,(223)464-0172,Rawalpindi,2022-04-19
823,823,Mary James,(635)535-8038x9507,Islamabad,2022-06-30
824,824,Emily Ochoa,794-905-9170x0622,Mirpur,2022-02-11
825,825,James Monroe,536.322.8895x52333,Rawalpindi,2022-12-29
826,826,Robert Ali,647.484.2060x925,Peshawar,2022-03-15
827,827,Kevin Schroeder,+1-816-452-7694,Karachi,2022-12-09
828,828,Michael Mcbride,+1-779-270-4015x87697,Peshawar,2022-02-24
829,829,Stefanie Jones,514.926.0882x09624,Ajman,2022-03-19
830,830,Leslie Boyd,537.598.4089x17770,Rawalpindi,2022-09-06
831,831,Matthew Rogers,+1-288-290-5084x58307,Muzaffarabad,2022-10-12
832,832,Greg Logan,765-948-8748x5510,Islamabad,2022-05-20
833,833,Shelby Christian,582-934-4651,Muzaffarabad,2022-05-24
834,834,Andrew Johnson,467-501-9803x31805,Lahore,2022-02-14
835,835,Amanda Johnson,670.870.5768x63974,Lahore,2022-01-29
836,836,Jim Ross,879.812.0684,Mirpur,2022-11-22
837,837,David Kelly,888-953-0551x9473,Lahore,2022-07-13
838,838,Timothy Oneill,951-448-1520x425,Ajman,2022-05-20
839,839,Amy Saunders,001-212-267-3287x528,Muzaffarabad,2022-02-14
840,840,Andrew Schneider,(949)993-2540,Muzaffarabad,2022-05-31
841,841,Anna Butler,790.973.5103,Rawalpindi,2022-01-27
842,842,Steven Poole,817-359-5028x569,Mirpur,2022-05-30
843,843,Robert Smith,628-203-6599x53365,Rawalpindi,2022-03-10
844,844,Mary Quinn,+1-854-993-9598,Islamabad,2022-08-14
845,845,David Smith,001-394-312-9918,Muzaffarabad,2022-09-17
846,846,Kimberly Smith,001-764-438-7608,Ajman,2022-01-10
847,847,Todd Williams,(316)326-5783x19498,Karachi,2022-04-07
848,848,Meagan Stewart,353.591.5120,Dubai,2022-10-23
849,849,Christine Brennan,893.200.0657x39772,Rawalpindi,2022-11-03
850,850,Miguel Carlson,412-907-0625,Islamabad,2022-11-02
851,851,Anthony Anderson,210-973-2537,Muzaffarabad,2022-05-30
852,852,Brandon White,(855)227-2794x663,Rawalpindi,2022-04-23
853,853,Amber Curry,8387649351,Muzaffarabad,2022-04-10
854,854,Sara Moon,741-923-8552,Muzaffarabad,2022-11-25
855,855,Joshua Valdez,+1-691-271-8819,Mirpur,2022-07-10
856,856,Heather Roth,973-522-5362x742,Rawalpindi,2022-01-06
857,857,Christopher Larsen,(506)963-0440,Peshawar,2022-12-04
858,858,Richard Rivera,(346)217-1237x158,Peshawar,2022-02-08
859,859,Stacy Davis,(775)353-0563x6244,Karachi,2022-04-17
860,860,Amy Hall,671.950.1058x6939,Peshawar,2022-02-24
861,861,Amy Andrews,361.759.7308x3020,Dubai,2022-07-20
862,862,Kevin Sims DDS,742-314-1699x12863,Mirpur,2022-04-10
863,863,Maria Ward,2678166649,Islamabad,2022-03-23
864,864,Haley Shaw,498-404-8563x79439,Mirpur,2022-08-09
865,865,Maria Schneider,486-305-6753,Rawalpindi,2022-01-21
866,866,Danielle Brandt,(544)784-1709x8487,Muzaffarabad,2022-10-28
867,867,Juan Jacobs,525-251-5127x8519,Ajman,2022-10-07
868,868,Dan Morgan,001-230-779-0678x42645,Peshawar,2022-02-06
869,869,James Little,(437)555-6842x6398,Rawalpindi,2022-11-03
870,870,Elizabeth Cox,539.981.1210,Ajman,2022-07-16
871,871,Anthony Daniels,996-717-8261x254,Sharjah,2022-07-30
872,872,Kimberly Fox,6137493153,Peshawar,2022-10-28
873,873,Sarah Alexander,(371)696-4936x9118,Karachi,2022-01-30
874,874,Michelle Henry,685.452.3123,Karachi,2022-04-13
875,875,Julie Fitzpatrick,337-392-0618,Karachi,2022-01-29
876,876,Tara Munoz,408.718.7744,Karachi,2022-09-04
877,877,Dominique Garcia,+1-466-916-9682x7601,Mirpur,2022-06-05
878,878,James James,243-474-8953,Rawalpindi,2022-05-14
879,879,Jeffrey Watson,3948733351,Lahore,2022-11-27
880,880,Robert Reyes,946.783.5755,Islamabad,2022-08-25
881,881,Andrea Smith,(901)315-4866,Islamabad,2022-08-12
882,882,Stephen Saunders,646.529.6878x133,Muzaffarabad,2022-08-20
883,883,Brandi Johnson,376.680.1470,Muzaffarabad,2022-06-23
884,884,Kathryn Cooper,(428)371-5073,Mirpur,2022-06-17
885,885,Shawn Ray,001-863-333-0313,Peshawar,2022-04-17
886,886,Teresa Bailey,559-377-2514x2463,Sharjah,2022-01-09
887,887,Alvin Green,707-752-7016x63698,Islamabad,2022-10-18
888,888,Brenda Hoffman,(650)942-4379,Mirpur,2022-05-27
889,889,Brandi Brock,908.217.1989,Muzaffarabad,2022-09-24
890,890,Carrie Ramirez,439.286.6816,Rawalpindi,2022-06-21
891,891,Beth Thomas,+1-560-964-6524x37299,Karachi,2022-04-22
892,892,Stephen Kennedy,001-916-959-4936x502,Sharjah,2022-02-23
893,893,Shawn Werner,269.675.7294x6476,Mirpur,2022-05-21
894,894,Mark Pitts,(674)559-0939x6286,Sharjah,2022-12-01
895,895,Guy Benton,(620)426-7714x06061,Islamabad,2022-10-17
896,896,Angelica Davis,967-822-3335x0366,Islamabad,2022-04-10
897,897,Allen Obrien,+1-444-814-3626x3085,Islamabad,2022-10-27
898,898,Jo Chavez,001-898-855-6483x5290,Mirpur,2022-08-01
899,899,Robert Crawford,2468343040,Sharjah,2022-09-08
900,900,Sherry Campbell,900.512.2580x43859,Sharjah,2022-04-22
901,901,Glenda Stokes,458.733.8657x88138,Rawalpindi,2022-02-17
902,902,David Reeves,618.323.3497x400,Sharjah,2022-02-13
903,903,Michael Owens,001-321-468-0875x685,Rawalpindi,2022-12-01
904,904,Kathryn Thomas,+1-796-748-3961x471,Lahore,2022-08-15
905,905,Carolyn Ewing,723-909-0700,Lahore,2022-09-14
906,906,Sarah Henson,(787)230-1083x8891,Karachi,2022-01-12
907,907,Stephanie Reyes,5306603885,Dubai,2022-11-19
908,908,Adam Diaz,+1-786-871-5762x7695,Peshawar,2022-12-10
909,909,Christopher Caldwell,203.904.1931x373,Lahore,2022-07-10
910,910,Dawn Whitehead,(574)287-7750x641,Rawalpindi,2022-02-08
911,911,Andrew Garza,+1-890-275-8111x5773,Ajman,2022-01-27
912,912,Garrett Carpenter,001-225-787-2976x82277,Sharjah,2022-09-14
913,913,George Porter,922-650-2578,Rawalpindi,2022-08-01
914,914,Jacqueline Perry,+1-409-605-9784x0437,Peshawar,2022-05-12
915,915,Kenneth Kelly,644-420-3844,Rawalpindi,2022-04-15
916,916,Laura Reynolds,884.708.4498,Sharjah,2022-02-14
917,917,Alex Richardson,+1-942-303-0572x0791,Dubai,2022-06-05
918,918,Abigail Stein,769.293.8588x9351,Muzaffarabad,2022-12-13
919,919,Sarah Allen,001-516-919-4289x98847,Ajman,2022-09-15
920,920,Bonnie Campbell,370.863.7679x53474,Islamabad,2022-05-07
921,921,Rebecca Mckee,(369)258-4684x82576,Islamabad,2022-08-12
922,922,Renee Perry,(465)652-7402x73591,Mirpur,2022-03-27
923,923,Monique Kidd,+1-260-796-3348x58999,Sharjah,2022-10-05
924,924,Christopher Soto,324-851-4506x17093,Mirpur,2022-07-27
925,925,William Patel Jr.,491-841-3213,Sharjah,2022-07-10
926,926,Laura Gill,(435)504-8176x6542,Lahore,2022-01-09
927,927,Ana Thornton,+1-944-583-3831,Karachi,2022-11-10
928,928,Lucas Villarreal,001-648-648-7694x95017,Muzaffarabad,2022-04-17
929,929,Madeline Dalton,(471)675-7411x72265,Rawalpindi,2022-11-21
930,930,Jeffrey Smith,(671)228-0857x23865,Lahore,2022-09-16
931,931,Arthur Ross,757-753-1306x30038,Muzaffarabad,2022-06-08
932,932,Elizabeth Berry,+1-361-637-1330x865,Peshawar,2022-04-29
933,933,Amanda Taylor,966.979.2379,Sharjah,2022-06-26
934,934,Vincent Hooper,391.809.6145x6874,Peshawar,2022-03-12
935,935,Rebekah Bailey,001-994-927-7750x749,Ajman,2022-11-20
936,936,David Hamilton,515.547.7661,Islamabad,2022-02-05
937,937,William Clark,823-934-3932x7385,Ajman,2022-11-23
938,938,Christine Smith,423-981-9317x0761,Ajman,2022-09-15
939,939,Pamela Mendoza,(424)710-3433,Dubai,2022-10-24
940,940,Mr. Bryan Leonard MD,+1-521-832-8312x37097,Mirpur,2022-08-30
941,941,Mary Dalton,001-250-312-7075,Ajman,2022-09-23
942,942,Elizabeth Hunter,(484)287-4102x69161,Peshawar,2022-10-29
943,943,Ashley Sampson,575.278.8271x436,Peshawar,2022-05-19
944,944,Christopher Herrera,381.211.4002,Dubai,2022-11-08
945,945,Carla Duncan,001-708-352-0090x61612,Mirpur,2022-10-27
946,946,Andrew Wallace,+1-814-676-5317,Peshawar,2022-01-21
947,947,Renee Wilson,+1-740-907-0383,Islamabad,2022-03-16
948,948,Lisa Cunningham,9735137689,Rawalpindi,2022-02-24
949,949,Bradley Richmond,749-793-2771,Islamabad,2022-12-11
950,950,Catherine Carter,+1-828-509-8323x194,Karachi,2022-07-19
951,951,Laura Roberts,978.513.6866x323,Sharjah,2022-10-25
952,952,Rhonda Smith,2249638663,Lahore,2022-09-05
953,953,Nicole Bowman,+1-647-622-6291x2350,Muzaffarabad,2022-12-31
954,954,Casey Chung,001-666-603-5016x63626,Ajman,2022-10-24
955,955,Stacey Larson,(227)505-7084,Mirpur,2022-08-07
956,956,Jennifer Morrison,995.690.3809,Mirpur,2022-06-27
957,957,Daniel Banks,(685)874-1382x23202,Ajman,2022-04-21
958,958,Christopher Casey,+1-203-890-8806x60629,Muzaffarabad,2022-04-17
959,959,Warren Chapman,221.224.7769,Islamabad,2022-09-02
960,960,Joseph Tran,+1-240-899-3069,Rawalpindi,2022-06-05
961,961,Peter Hunter,803.271.3241,Rawalpindi,2022-11-05
962,962,Austin Jones,709-759-1944x3271,Peshawar,2022-05-23
963,963,Amy Hall,001-311-311-4978,Muzaffarabad,2022-07-21
964,964,Michael Spencer,7727114869,Karachi,2022-11-20
965,965,Sharon Grimes,+1-872-906-1151x80653,Ajman,2022-02-14
966,966,Chad Henderson,+1-775-724-8609,Dubai,2022-01-09
967,967,Evan Sanchez,(846)479-6562x71654,Ajman,2022-04-15
968,968,Kristin Brown,(343)220-0997x6789,Sharjah,2022-05-25
969,969,Melanie French,295.237.6114x923,Dubai,2022-12-14
970,970,Christina Kaiser,(322)383-0453,Muzaffarabad,2022-01-09
971,971,Fernando Boyd,7498399569,Peshawar,2022-01-18
972,972,Darlene Miller,252.968.6588x36514,Mirpur,2022-03-09
973,973,Elizabeth Beck,(460)740-0540,Karachi,2022-07-25
974,974,Tracy Neal,9986373028,Peshawar,2022-02-02
975,975,Andrea Williams,732-972-2979x6238,Muzaffarabad,2022-09-01
976,976,Stephen Wallace,348.762.4571x82570,Muzaffarabad,2022-09-02
977,977,Phillip Fischer,717.615.1533,Lahore,2022-06-27
978,978,Raymond Curtis,676-349-4263x5586,Lahore,2022-12-21
979,979,Aaron Robinson,559-410-3243,Islamabad,2022-02-16
980,980,Mr. Eric Neal,638.273.6167,Rawalpindi,2022-07-10
981,981,Paula Sanchez,+1-347-478-5039x0475,Islamabad,2022-11-04
982,982,Steven Watts,(580)873-1357x9438,Karachi,2022-07-09
983,983,Kayla Boyd,(625)458-3794,Rawalpindi,2022-08-30
984,984,Alexa Ward,001-525-918-2331,Mirpur,2022-07-19
985,985,Jennifer Ali,982.553.2974x229,Ajman,2022-10-11
986,986,Erika Ferguson,279-573-5170x1421,Lahore,2022-06-10
987,987,Linda Smith,203-467-7719x8312,Ajman,2022-11-25
988,988,Micheal Finley,745.805.6590,Mirpur,2022-09-13
989,989,Nicholas Walker,(866)907-8942x700,Rawalpindi,2022-07-18
990,990,Stacey Wilson,(771)245-1391x5227,Islamabad,2022-01-23
991,991,Mrs. Stacy Fox,419.394.2664,Peshawar,2022-05-09
992,992,Regina Reynolds,(276)835-5408x760,Mirpur,2022-02-09
993,993,Rachel Pittman,+1-972-542-4264,Rawalpindi,2022-04-21
994,994,Katherine Fowler,520-695-0423x404,Ajman,2022-07-16
995,995,Kevin Henry,773.519.4575,Muzaffarabad,2022-08-16
996,996,Laura Bell,967.917.0448x1868,Rawalpindi,2022-11-27
997,997,Chad Francis,511-231-6229x44650,Rawalpindi,2022-01-25
998,998,Robert Fernandez,+1-858-879-0603,Dubai,2022-08-11
999,999,Sabrina Jackson,001-316-336-6606x985,Ajman,2022-08-01
1000,1000,Steven Dyer,001-793-351-5452x424,Dubai,2022-02-02
