RevenueKey,PaymentID,BookingID,CustomerKey,PaymentDateKey,Amount,PaymentMethod,WeightKG,RevenuePerKG
1,1,1,1,20220926,1575.86,Card,213.86,7.368652389413634
2,2,2,2,20221127,1873.15,Bank Transfer,240.24,7.796994671994672
3,3,3,3,20221023,324.59,Card,56.1,5.785918003565062
4,4,4,4,20220610,1394.07,Bank Transfer,272.42,5.117355553924087
5,5,5,5,20220123,594.03,Cash,87.14,6.816961211843011
6,6,6,6,20220809,2178.48,Bank Transfer,390.47,5.579122595846031
7,7,7,7,20220501,66.24,Bank Transfer,12.76,5.191222570532915
8,8,8,8,20220825,893.83,Cash,219.03,4.080856503675296
9,9,9,9,20220620,1633.02,Bank Transfer,299.09,5.459961884382627
10,10,10,10,20220408,3417.2,Cash,495.74,6.893129463024972
11,11,11,11,20220701,1488.5,Cash,265.88,5.598390251241161
12,12,12,12,20220819,2900.53,Cash,426.13,6.8066787130687825
13,13,13,13,20220609,2450.18,Card,324.09,7.56018389953408
14,14,14,14,20221012,757.8,Cash,109.73,6.906042103344572
15,15,15,15,20220227,708.1,Card,96.42,7.34391205144161
16,16,16,16,20220813,3094.56,Card,416.88,7.423143350604491
17,17,17,17,20220104,1337.98,Bank Transfer,296.3,4.515626054674317
18,18,18,18,20220608,2589.1,Bank Transfer,470.33,5.504858290987179
19,19,19,19,20221117,703.15,Cash,127.6,5.510579937304075
20,20,20,20,20221021,883.69,Card,116.85,7.562601626016261
21,21,21,21,20221027,919.23,Cash,121.09,7.591295730448427
22,22,22,22,20220105,1468.74,Card,241.33,6.08602328761447
23,23,23,23,20220501,1041.71,Bank Transfer,228.78,4.55332633971501
24,24,24,24,20220609,2164.12,Card,288.15,7.510393892070103
25,25,25,25,20220927,49.66,Bank Transfer,8.01,6.199750312109862
26,26,26,26,20221116,2493.97,Card,433.17,5.7574855137705745
27,27,27,27,20220605,2868.59,Card,426.79,6.721314932402352
28,28,28,28,20221125,1633.94,Card,265.38,6.156982440274324
29,29,29,29,20221215,540.83,Bank Transfer,128.17,4.219630178668956
30,30,30,30,20220513,1322.66,Bank Transfer,258.16,5.123411837620081
31,31,31,31,20221024,1342.0,Cash,239.14,5.611775528978841
32,32,32,32,20220801,1928.41,Bank Transfer,357.19,5.398835353733308
33,33,33,33,20220702,1491.68,Card,230.41,6.4740245649060375
34,34,34,34,20220906,832.66,Cash,194.68,4.277070063694267
35,35,35,35,20221110,1938.48,Bank Transfer,293.9,6.595712827492345
36,36,36,36,20221020,235.99,Card,31.5,7.491746031746032
37,37,37,37,20221205,2085.56,Cash,330.24,6.315285852713178
38,38,38,38,20220305,848.49,Card,172.16,4.928496747211896
39,39,39,39,20220414,467.15,Bank Transfer,67.23,6.9485348802617874
40,40,40,40,20220824,3038.4,Card,423.26,7.178566365827152
41,41,41,41,20220518,1819.57,Cash,233.48,7.7932585232139795
42,42,42,42,20220505,1448.23,Card,205.37,7.051808930223499
43,43,43,43,20220322,1007.36,Cash,155.78,6.466555398639106
44,44,44,44,20220615,1035.08,Bank Transfer,197.55,5.2395849152113385
45,45,45,45,20220209,253.23,Card,52.45,4.828026692087702
46,46,46,46,20221114,166.45,Cash,36.54,4.55528188286809
47,47,47,47,20220801,1216.21,Cash,253.06,4.806014383940568
48,48,48,48,20220528,854.58,Card,201.58,4.2394086714951875
49,49,49,49,20220509,518.69,Card,93.84,5.527387041773231
50,50,50,50,20220521,2404.48,Card,465.3,5.167590801633355
51,51,51,51,20221027,873.56,Bank Transfer,144.06,6.063862279605719
52,52,52,52,20220304,559.04,Card,94.86,5.893316466371495
53,53,53,53,20220914,2341.9,Bank Transfer,347.93,6.730951628201075
54,54,54,54,20220619,2287.02,Card,363.24,6.29616782292699
55,55,55,55,20221027,467.92,Bank Transfer,76.37,6.127013225088385
56,56,56,56,20221027,701.15,Bank Transfer,165.65,4.232719589495924
57,57,57,57,20220825,1594.98,Card,269.76,5.912588967971531
58,58,58,58,20221123,2578.92,Bank Transfer,349.61,7.376562455307343
59,59,59,59,20220915,722.76,Bank Transfer,112.25,6.438841870824054
60,60,60,60,20221114,87.29,Cash,14.27,6.117028731604766
61,61,61,61,20220404,1483.51,Cash,282.61,5.249318849297619
62,62,62,62,20221101,1154.91,Cash,198.73,5.811452724802496
63,63,63,63,20221013,2109.77,Cash,436.69,4.831276191348554
64,64,64,64,20220408,1660.06,Card,328.64,5.0513023369036025
65,65,65,65,20220208,1488.77,Bank Transfer,298.88,4.981163008565311
66,66,66,66,20220519,1428.03,Card,345.79,4.1297608375025305
67,67,67,67,20220804,138.3,Bank Transfer,29.15,4.744425385934821
68,68,68,68,20220606,916.47,Bank Transfer,229.05,4.0011787819253435
69,69,69,69,20220107,2327.77,Cash,482.36,4.825794012770545
70,70,70,70,20221021,338.38,Cash,62.75,5.392509960159362
71,71,71,71,20221125,1842.72,Card,400.95,4.595884773662552
72,72,72,72,20220423,2275.88,Card,327.0,6.959877675840979
73,73,73,73,20220621,205.41,Bank Transfer,45.15,4.549501661129568
74,74,74,74,20221012,1229.85,Card,234.14,5.252626633637994
75,75,75,75,20220118,1162.6,Card,236.24,4.921266508635285
76,76,76,76,20221108,1279.0,Cash,293.49,4.35789975808375
77,77,77,77,20221209,2421.09,Card,465.06,5.205973422784157
78,78,78,78,20220608,2045.07,Card,493.75,4.141913924050633
79,79,79,79,20220605,66.32,Bank Transfer,11.49,5.771975630983463
80,80,80,80,20220331,3434.05,Cash,434.31,7.906909810964518
81,81,81,81,20220621,736.7,Bank Transfer,113.09,6.514280661420108
82,82,82,82,20220105,2137.65,Cash,404.35,5.286632867565228
83,83,83,83,20221217,1179.12,Card,187.13,6.301074119596002
84,84,84,84,20220716,2084.46,Card,267.95,7.779287180444113
85,85,85,85,20220711,940.7,Cash,167.57,5.613773348451394
86,86,86,86,20220925,1494.5,Cash,345.29,4.328245822352225
87,87,87,87,20220103,932.7,Bank Transfer,176.59,5.281726032051645
88,88,88,88,20220323,3710.41,Card,491.6,7.547620016273393
89,89,89,89,20220709,715.94,Bank Transfer,160.79,4.452640089557809
90,90,90,90,20220921,2496.74,Card,331.93,7.521887144879944
91,91,91,91,20220902,2436.7,Card,315.8,7.715959468017732
92,92,92,92,20221004,833.48,Bank Transfer,110.79,7.523061648163192
93,93,93,93,20220213,459.12,Bank Transfer,109.21,4.204010621737936
94,94,94,94,20220105,30.52,Card,6.18,4.938511326860842
95,95,95,95,20220303,50.92,Cash,11.6,4.389655172413794
96,96,96,96,20220125,1546.42,Cash,345.08,4.4813376608322715
97,97,97,97,20220206,1196.35,Bank Transfer,273.12,4.380309021675454
98,98,98,98,20221022,3008.05,Bank Transfer,381.36,7.887691420180407
99,99,99,99,20220331,1319.94,Cash,271.57,4.860404315646059
100,100,100,100,20220103,2641.4,Bank Transfer,384.34,6.872560753499506
101,101,101,101,20221027,2847.61,Card,495.36,5.748566698966409
102,102,102,102,20221223,1799.48,Cash,301.63,5.965852203030202
103,103,103,103,20220608,773.75,Bank Transfer,144.92,5.33915263593707
104,104,104,104,20220816,2711.81,Bank Transfer,411.05,6.597275270648339
105,105,105,105,20221101,1336.78,Bank Transfer,226.59,5.899554261000044
106,106,106,106,20220812,1675.27,Card,275.56,6.079510814341704
107,107,107,107,20220610,3293.93,Card,476.63,6.9108742630552
108,108,108,108,20220104,1441.87,Card,298.0,4.8384899328859055
109,109,109,109,20220704,775.35,Bank Transfer,186.59,4.155367383032317
110,110,110,110,20220317,1391.58,Cash,253.29,5.494018713727348
111,111,111,111,20220613,284.71,Cash,54.51,5.223078334250596
112,112,112,112,20221101,1800.85,Card,238.06,7.56468957405696
113,113,113,113,20220821,1572.14,Card,352.65,4.458074578193677
114,114,114,114,20220930,2266.73,Card,303.38,7.471586788845673
115,115,115,115,20220904,415.68,Cash,55.17,7.534529635671561
116,116,116,116,20221211,130.39,Card,20.24,6.442193675889328
117,117,117,117,20220912,595.84,Bank Transfer,123.29,4.832833157595912
118,118,118,118,20221110,1217.48,Bank Transfer,166.48,7.313070639115811
119,119,119,119,20221006,283.15,Card,44.59,6.350078492935634
120,120,120,120,20220303,1455.24,Cash,249.2,5.839646869983949
121,121,121,121,20220827,2491.53,Cash,316.43,7.873874158581677
122,122,122,122,20220311,281.81,Cash,44.46,6.338506522717049
123,123,123,123,20221002,1534.98,Cash,349.57,4.391051863718283
124,124,124,124,20220110,2983.47,Card,465.19,6.413443969130892
125,125,125,125,20220327,1670.7,Bank Transfer,239.66,6.971125761495452
126,126,126,126,20220824,2009.12,Card,361.94,5.550975299773443
127,127,127,127,20221204,1413.56,Cash,293.07,4.823284539529805
128,128,128,128,20221104,2287.02,Card,479.65,4.768101740852705
129,129,129,129,20220712,1814.16,Bank Transfer,364.11,4.982450358408173
130,130,130,130,20220307,1813.72,Bank Transfer,408.05,4.444847445166033
131,131,131,131,20221101,707.76,Bank Transfer,124.85,5.66888265919103
132,132,132,132,20221104,1596.94,Card,330.82,4.827217217822381
133,133,133,133,20221130,1287.32,Card,235.14,5.47469592583142
134,134,134,134,20220421,278.06,Card,39.22,7.089750127485977
135,135,135,135,20220218,1909.18,Bank Transfer,401.02,4.7608099346666
136,136,136,136,20220208,2751.44,Bank Transfer,398.98,6.896185272444734
137,137,137,137,20220914,2245.25,Cash,458.57,4.896199053579606
138,138,138,138,20220820,2698.67,Bank Transfer,434.0,6.2181336405529954
139,139,139,139,20221229,492.94,Card,74.07,6.655056028081545
140,140,140,140,20220625,87.74,Card,14.32,6.127094972067039
141,141,141,141,20220507,1036.81,Cash,148.77,6.9692142232977075
142,142,142,142,20221205,296.32,Card,67.15,4.412807148175726
143,143,143,143,20220709,1604.11,Card,258.9,6.1958671301660875
144,144,144,144,20220524,3155.74,Cash,446.53,7.067251920363693
145,145,145,145,20220801,2126.5,Card,439.95,4.833503807250824
146,146,146,146,20220324,2935.49,Card,448.87,6.5397331075812595
147,147,147,147,20221215,3427.43,Cash,488.38,7.017957328309922
148,148,148,148,20220416,559.92,Cash,70.36,7.95793064241046
149,149,149,149,20220606,1359.48,Bank Transfer,185.59,7.325179158359825
150,150,150,150,20220428,360.66,Card,74.38,4.848884108631353
151,151,151,151,20220121,1091.52,Card,235.88,4.627437680176361
152,152,152,152,20221026,276.3,Card,49.97,5.529317590554333
153,153,153,153,20221103,1489.15,Cash,329.89,4.514080451059445
154,154,154,154,20221028,1366.04,Cash,336.48,4.059795530194959
155,155,155,155,20220214,767.35,Bank Transfer,163.79,4.684962451920142
156,156,156,156,20220606,549.8,Cash,81.22,6.769268653041123
157,157,157,157,20221004,3557.34,Bank Transfer,446.8,7.961817367949866
158,158,158,158,20220809,1182.33,Card,227.18,5.204375385157143
159,159,159,159,20220228,721.2,Cash,97.67,7.3840483259957
160,160,160,160,20221009,1718.37,Bank Transfer,266.49,6.448159405606214
161,161,161,161,20220923,801.71,Card,105.06,7.6309727774604985
162,162,162,162,20220729,491.42,Bank Transfer,102.53,4.792938652101824
163,163,163,163,20221215,2388.75,Card,353.56,6.756278990836067
164,164,164,164,20220111,2122.98,Bank Transfer,315.61,6.7265929469915395
165,165,165,165,20220614,1292.65,Bank Transfer,178.9,7.225544997205143
166,166,166,166,20220110,1040.0,Bank Transfer,185.89,5.594706546882565
167,167,167,167,20220509,545.26,Card,107.57,5.068885376963838
168,168,168,168,20220719,2187.17,Card,372.23,5.875856325390216
169,169,169,169,20221026,3003.2,Cash,389.39,7.712576080536223
170,170,170,170,20220606,2288.73,Bank Transfer,399.68,5.72640612489992
171,171,171,171,20220705,136.76,Cash,19.36,7.064049586776859
172,172,172,172,20221006,1537.9,Card,238.03,6.460950300382305
173,173,173,173,20220510,1924.34,Bank Transfer,414.49,4.642669304446428
174,174,174,174,20220505,305.52,Card,53.87,5.6714312233153885
175,175,175,175,20220520,1895.88,Card,317.9,5.963762189367727
176,176,176,176,20220824,2360.81,Bank Transfer,372.61,6.335873970102788
177,177,177,177,20220129,2033.56,Card,266.94,7.618041507454858
178,178,178,178,20220131,2924.74,Cash,401.58,7.283081826784202
179,179,179,179,20220819,2178.45,Bank Transfer,409.35,5.321729571271527
180,180,180,180,20221001,1206.92,Bank Transfer,181.11,6.66401634365855
181,181,181,181,20220721,1631.18,Card,211.49,7.712799659558372
182,182,182,182,20220925,3140.01,Cash,416.65,7.536325453018121
183,183,183,183,20220112,2481.64,Cash,387.94,6.396968603392277
184,184,184,184,20220105,1544.53,Cash,243.72,6.337313310356146
185,185,185,185,20220328,1364.19,Bank Transfer,297.4,4.5870544720914594
186,186,186,186,20220120,1207.86,Cash,296.7,4.0709807886754295
187,187,187,187,20220906,501.64,Cash,124.97,4.014083380011202
188,188,188,188,20220718,767.77,Cash,139.56,5.501361421610777
189,189,189,189,20220217,1539.02,Card,216.58,7.1060116354234
190,190,190,190,20220223,995.59,Cash,199.84,4.981935548438751
191,191,191,191,20220109,2601.47,Card,344.25,7.556920842411038
192,192,192,192,20220905,874.38,Bank Transfer,189.91,4.604180927807909
193,193,193,193,20220524,717.17,Bank Transfer,114.91,6.241145244104081
194,194,194,194,20221101,589.02,Card,118.56,4.968117408906882
195,195,195,195,20220316,3244.13,Bank Transfer,414.98,7.817557472649284
196,196,196,196,20221213,960.52,Card,194.59,4.936122102882985
197,197,197,197,20220404,794.36,Bank Transfer,142.02,5.593296718772003
198,198,198,198,20221126,973.24,Bank Transfer,180.06,5.405087193157836
199,199,199,199,20220422,496.85,Card,112.18,4.429042610090925
200,200,200,200,20220327,1439.08,Cash,251.64,5.718804641551423
201,201,201,201,20220311,1709.8,Cash,314.42,5.437949239870237
202,202,202,202,20221220,2230.95,Card,299.06,7.459874272721192
203,203,203,203,20221120,1444.28,Bank Transfer,264.19,5.466823119724441
204,204,204,204,20221104,987.01,Card,181.77,5.429993948396325
205,205,205,205,20220427,98.12,Bank Transfer,12.42,7.900161030595814
206,206,206,206,20221229,2403.83,Bank Transfer,460.22,5.223219329885707
207,207,207,207,20220426,2207.6,Cash,407.09,5.42287946154413
208,208,208,208,20220928,57.8,Card,13.14,4.398782343987823
209,209,209,209,20220613,2563.51,Bank Transfer,356.51,7.190569689489776
210,210,210,210,20220427,933.19,Card,207.85,4.489728169352899
211,211,211,211,20220720,3356.18,Card,433.77,7.737234018027987
212,212,212,212,20220902,1447.99,Cash,257.34,5.6267583741353855
213,213,213,213,20220127,1892.12,Card,472.35,4.005758441833386
214,214,214,214,20220914,1304.07,Bank Transfer,262.14,4.974708171206226
215,215,215,215,20220125,3781.42,Cash,494.38,7.648812654233586
216,216,216,216,20220204,604.08,Card,140.42,4.301951288990173
217,217,217,217,20221211,1566.12,Cash,238.36,6.570397717737874
218,218,218,218,20221229,1371.97,Card,313.83,4.371698053086066
219,219,219,219,20221117,1409.29,Cash,287.41,4.903413242406318
220,220,220,220,20220907,3263.72,Card,425.83,7.6643731066387994
221,221,221,221,20220306,873.42,Bank Transfer,125.89,6.937961712606243
222,222,222,222,20220520,403.47,Cash,61.44,6.566894531250001
223,223,223,223,20220922,2971.32,Bank Transfer,478.66,6.207579492750596
224,224,224,224,20220605,795.44,Cash,177.66,4.477316221997073
225,225,225,225,20220216,2962.23,Bank Transfer,420.56,7.043537188510557
226,226,226,226,20220521,548.41,Cash,112.03,4.895206641078282
227,227,227,227,20220830,333.31,Cash,54.42,6.124770305034914
228,228,228,228,20220331,1704.69,Bank Transfer,252.87,6.741369082927987
229,229,229,229,20221128,3293.33,Card,431.51,7.63210586081435
230,230,230,230,20220721,1143.37,Card,180.96,6.318357648099027
231,231,231,231,20220709,2732.35,Bank Transfer,377.33,7.2412742162033235
232,232,232,232,20220327,1381.49,Bank Transfer,239.82,5.760528729880744
233,233,233,233,20220710,2017.3,Card,381.63,5.2860100096952545
234,234,234,234,20220828,219.4,Bank Transfer,46.02,4.767492394611039
235,235,235,235,20220819,660.89,Bank Transfer,91.9,7.1914036996735575
236,236,236,236,20220216,813.4,Cash,202.06,4.025536969217064
237,237,237,237,20220416,2235.91,Card,326.0,6.85861963190184
238,238,238,238,20220725,2812.45,Bank Transfer,422.76,6.652592487463336
239,239,239,239,20220113,1429.74,Card,262.13,5.454316560485256
240,240,240,240,20220501,1306.88,Cash,213.62,6.1177792341541055
241,241,241,241,20220312,2156.05,Card,425.98,5.061387858584911
242,242,242,242,20221130,736.64,Cash,112.06,6.57362127431733
243,243,243,243,20220121,1495.11,Bank Transfer,338.97,4.410744313656075
244,244,244,244,20220303,2935.84,Bank Transfer,425.07,6.906721245912438
245,245,245,245,20220813,367.48,Card,66.75,5.505318352059925
246,246,246,246,20220208,3736.54,Bank Transfer,499.42,7.481758840254695
247,247,247,247,20220328,3232.67,Card,435.76,7.418464292270976
248,248,248,248,20221115,1343.79,Bank Transfer,229.27,5.861168055131504
249,249,249,249,20220322,1762.14,Card,379.89,4.638553265418937
250,250,250,250,20220702,3019.0,Card,397.88,7.58771488891123
251,251,251,251,20220928,1185.81,Cash,218.97,5.415399369776681
252,252,252,252,20221022,1161.62,Cash,282.98,4.104954413739486
253,253,253,253,20220305,510.72,Card,77.19,6.6164010882238635
254,254,254,254,20220604,74.53,Card,9.8,7.605102040816326
255,255,255,255,20220325,3796.71,Bank Transfer,492.59,7.707647333482207
256,256,256,256,20221204,2461.84,Bank Transfer,460.48,5.346247394023628
257,257,257,257,20221017,1934.36,Bank Transfer,399.27,4.844741653517669
258,258,258,258,20220303,42.17,Card,5.37,7.8528864059590315
259,259,259,259,20221223,2529.35,Bank Transfer,320.15,7.900515383414025
260,260,260,260,20220521,516.45,Bank Transfer,87.13,5.927349936875934
261,261,261,261,20221027,42.19,Cash,9.7,4.349484536082474
262,262,262,262,20220803,1289.54,Bank Transfer,253.37,5.089552827880175
263,263,263,263,20221008,3637.02,Card,472.08,7.704245043213015
264,264,264,264,20220310,642.57,Bank Transfer,157.79,4.072311299828887
265,265,265,265,20220411,956.17,Bank Transfer,203.97,4.68779722508212
266,266,266,266,20220914,2624.16,Cash,449.26,5.841071985042069
267,267,267,267,20220721,1848.71,Cash,242.05,7.637719479446395
268,268,268,268,20220708,2796.12,Cash,365.97,7.640298385113533
269,269,269,269,20221015,2434.58,Card,317.02,7.6795785754841965
270,270,270,270,20221120,1895.4,Card,383.95,4.936580283891132
271,271,271,271,20220110,3227.05,Bank Transfer,442.89,7.286346496872813
272,272,272,272,20220318,3167.49,Cash,494.39,6.406865025587087
273,273,273,273,20220320,1337.89,Card,262.14,5.1037232013427944
274,274,274,274,20221030,425.0,Cash,93.02,4.568909911846915
275,275,275,275,20221201,1805.09,Card,450.12,4.010241713320892
276,276,276,276,20220221,774.95,Bank Transfer,125.49,6.175392461550722
277,277,277,277,20221020,201.09,Cash,34.88,5.76519495412844
278,278,278,278,20220702,509.82,Bank Transfer,78.38,6.504465424853279
279,279,279,279,20220113,436.73,Cash,95.43,4.576443466415173
280,280,280,280,20220819,2744.52,Card,390.36,7.0307408545957575
281,281,281,281,20220419,554.18,Cash,115.65,4.791872027669692
282,282,282,282,20220924,1203.22,Bank Transfer,163.12,7.376287395782247
283,283,283,283,20220715,633.73,Cash,135.92,4.662522071806946
284,284,284,284,20220629,1191.44,Bank Transfer,177.88,6.697998650775804
285,285,285,285,20220824,1924.04,Bank Transfer,422.7,4.551786136740005
286,286,286,286,20220521,1835.76,Bank Transfer,256.31,7.162264445398151
287,287,287,287,20220630,1799.97,Bank Transfer,236.84,7.599940888363452
288,288,288,288,20220914,115.78,Card,17.61,6.574673480976718
289,289,289,289,20220617,2400.29,Cash,426.28,5.630782584216947
290,290,290,290,20220214,2148.47,Card,434.92,4.939919985284649
291,291,291,291,20220121,1175.86,Bank Transfer,276.31,4.255582497919003
292,292,292,292,20221004,106.6,Cash,18.61,5.728103170338527
293,293,293,293,20220702,1416.04,Card,187.83,7.5389447905020495
294,294,294,294,20220202,991.4,Bank Transfer,178.31,5.559979810442488
295,295,295,295,20221130,2875.78,Cash,401.6,7.160806772908367
296,296,296,296,20221229,1136.56,Cash,227.82,4.988850847160038
297,297,297,297,20221230,1542.92,Bank Transfer,240.41,6.417869472983654
298,298,298,298,20220314,235.34,Card,56.87,4.138209952523299
299,299,299,299,20220918,1393.15,Bank Transfer,177.92,7.830204586330936
300,300,300,300,20220701,2118.46,Card,386.92,5.475188669492401
301,301,301,301,20220513,2586.5,Bank Transfer,433.44,5.9673772609819125
302,302,302,302,20221103,3220.41,Cash,453.82,7.096227579216429
303,303,303,303,20220314,1214.77,Card,277.94,4.370619558178024
304,304,304,304,20220308,1326.92,Bank Transfer,226.9,5.848038783605112
305,305,305,305,20220525,2983.33,Cash,489.53,6.0942740996466
306,306,306,306,20220610,350.52,Card,58.96,5.945047489823609
307,307,307,307,20220617,1744.95,Cash,271.77,6.420686610001105
308,308,308,308,20220626,2629.9,Bank Transfer,449.74,5.8476008360386
309,309,309,309,20221012,1324.91,Card,194.94,6.796501487637222
310,310,310,310,20221025,1652.72,Cash,275.31,6.003123751407505
311,311,311,311,20220829,283.01,Card,63.27,4.473051999367788
312,312,312,312,20221121,258.31,Bank Transfer,48.73,5.300841370818798
313,313,313,313,20220715,210.49,Card,46.33,4.54327649471185
314,314,314,314,20220224,308.27,Bank Transfer,40.23,7.662689535172757
315,315,315,315,20221212,434.15,Bank Transfer,85.93,5.052368206679855
316,316,316,316,20220303,339.74,Card,60.59,5.607195906915332
317,317,317,317,20220830,2305.25,Card,332.07,6.942060408949921
318,318,318,318,20221205,2023.68,Cash,406.19,4.982101971983555
319,319,319,319,20220331,1030.24,Cash,211.93,4.861227763884301
320,320,320,320,20220814,790.4,Bank Transfer,163.51,4.833955109779218
321,321,321,321,20221223,2738.5,Cash,398.11,6.878752103689934
322,322,322,322,20220513,3159.9,Cash,448.63,7.043443372043778
323,323,323,323,20220331,2603.97,Card,353.55,7.365210012728044
324,324,324,324,20221201,658.66,Card,119.5,5.511799163179916
325,325,325,325,20221111,1593.84,Cash,338.02,4.7152239512454885
326,326,326,326,20220613,2711.33,Bank Transfer,418.16,6.483953510617945
327,327,327,327,20220515,2768.51,Bank Transfer,390.88,7.082761972984037
328,328,328,328,20220915,1242.35,Cash,260.33,4.7722121922175695
329,329,329,329,20220816,1644.64,Card,323.9,5.0776165483173825
330,330,330,330,20220601,2241.06,Cash,359.4,6.235559265442404
331,331,331,331,20221215,2593.63,Cash,359.89,7.206729834115981
332,332,332,332,20220721,107.6,Cash,15.96,6.741854636591478
333,333,333,333,20220626,1056.3,Bank Transfer,222.31,4.751473168098601
334,334,334,334,20221116,564.68,Bank Transfer,111.21,5.077600935167701
335,335,335,335,20220816,141.51,Cash,18.17,7.788112272977434
336,336,336,336,20221108,1117.83,Cash,141.03,7.92618591788981
337,337,337,337,20220416,2061.42,Bank Transfer,447.84,4.603027867095392
338,338,338,338,20221015,2839.83,Bank Transfer,398.41,7.127908436033231
339,339,339,339,20220805,1821.9,Bank Transfer,253.98,7.173399480274038
340,340,340,340,20220901,857.41,Bank Transfer,191.44,4.47874007521939
341,341,341,341,20220507,2047.16,Card,291.02,7.034430623324858
342,342,342,342,20220630,2174.74,Bank Transfer,279.19,7.789462373294172
343,343,343,343,20221019,2225.28,Cash,486.57,4.573401566064493
344,344,344,344,20220322,983.55,Bank Transfer,132.41,7.428064345593233
345,345,345,345,20220917,643.1,Cash,87.87,7.31876635939456
346,346,346,346,20220405,1084.15,Cash,179.65,6.034789869190092
347,347,347,347,20220523,3150.42,Cash,432.51,7.284039675383228
348,348,348,348,20221117,1796.56,Bank Transfer,286.23,6.276630681619676
349,349,349,349,20220121,1599.1,Bank Transfer,208.53,7.668440991703831
350,350,350,350,20220330,1103.0,Bank Transfer,205.5,5.367396593673966
351,351,351,351,20220929,1067.62,Cash,216.18,4.938569710426496
352,352,352,352,20220917,845.47,Bank Transfer,130.51,6.478200904145277
353,353,353,353,20221117,594.55,Cash,90.97,6.535671100362756
354,354,354,354,20220529,456.57,Card,84.55,5.4
355,355,355,355,20220417,2596.54,Bank Transfer,449.21,5.780236415039736
356,356,356,356,20220331,2015.22,Bank Transfer,389.89,5.168688604478186
357,357,357,357,20220529,640.63,Cash,105.66,6.063127011167897
358,358,358,358,20220331,850.06,Card,174.05,4.883998850904912
359,359,359,359,20220407,156.73,Card,28.44,5.510900140646975
360,360,360,360,20220517,2049.9,Cash,417.16,4.913941892798926
361,361,361,361,20220129,290.12,Bank Transfer,64.63,4.4889370261488475
362,362,362,362,20220501,1283.44,Card,165.42,7.758674888163464
363,363,363,363,20220722,1283.4,Card,268.49,4.780066296696339
364,364,364,364,20221223,847.15,Card,108.52,7.8063951345374125
365,365,365,365,20220209,2093.62,Card,464.58,4.506478970252702
366,366,366,366,20220411,952.43,Cash,144.26,6.602176625537225
367,367,367,367,20220606,1415.5,Cash,190.85,7.416819491747446
368,368,368,368,20220419,380.83,Cash,77.35,4.923464770523594
369,369,369,369,20220304,1750.15,Cash,372.36,4.700155763239875
370,370,370,370,20221215,2039.42,Card,264.06,7.723320457471787
371,371,371,371,20220317,1506.58,Cash,372.1,4.048857833915614
372,372,372,372,20220501,1815.5,Cash,309.43,5.867239763435995
373,373,373,373,20220624,953.62,Card,227.51,4.191552019691442
374,374,374,374,20220627,2065.9,Cash,457.16,4.51898678799545
375,375,375,375,20220907,628.92,Cash,85.71,7.337766888344417
376,376,376,376,20220519,1614.97,Cash,292.93,5.513160140647936
377,377,377,377,20220805,1192.81,Card,233.1,5.117160017160017
378,378,378,378,20220113,3843.72,Bank Transfer,493.07,7.7954854280325305
379,379,379,379,20221017,2221.91,Bank Transfer,358.4,6.199525669642857
380,380,380,380,20220616,1181.84,Card,189.42,6.239256678281069
381,381,381,381,20220218,832.2,Cash,104.95,7.929490233444498
382,382,382,382,20221112,2146.61,Card,277.07,7.7475367235716615
383,383,383,383,20221122,1933.89,Card,309.45,6.249442559379545
384,384,384,384,20221129,283.3,Cash,59.99,4.722453742290382
385,385,385,385,20221230,1664.2,Card,215.79,7.712127531396265
386,386,386,386,20220523,1233.27,Bank Transfer,249.25,4.947923771313942
387,387,387,387,20220725,1771.94,Bank Transfer,333.57,5.312048445603621
388,388,388,388,20220829,2225.32,Cash,440.89,5.047336070221598
389,389,389,389,20220202,3285.83,Bank Transfer,494.18,6.649055000202355
390,390,390,390,20220824,370.08,Cash,68.32,5.416861826697892
391,391,391,391,20220311,481.85,Card,63.56,7.581025802391442
392,392,392,392,20220816,108.55,Bank Transfer,17.44,6.224197247706422
393,393,393,393,20220202,456.8,Card,73.86,6.1846737070132685
394,394,394,394,20221227,2198.86,Card,337.52,6.514754681204077
395,395,395,395,20220327,803.61,Bank Transfer,164.88,4.873908296943232
396,396,396,396,20220906,1566.88,Card,319.77,4.900021890733965
397,397,397,397,20220118,1000.88,Bank Transfer,188.36,5.313654703758759
398,398,398,398,20221122,898.5,Card,137.9,6.515591007976795
399,399,399,399,20220614,451.24,Bank Transfer,71.32,6.326977005047673
400,400,400,400,20220617,586.58,Card,136.76,4.289119625621527
401,401,401,401,20221211,2884.81,Card,497.24,5.801645080846272
402,402,402,402,20220412,1444.28,Bank Transfer,188.0,7.6823404255319145
403,403,403,403,20220425,1099.7,Cash,175.59,6.2628851301326955
404,404,404,404,20221023,3156.02,Bank Transfer,457.85,6.893130938080157
405,405,405,405,20221104,196.51,Card,24.89,7.895138609883487
406,406,406,406,20220805,1091.76,Cash,154.39,7.071442450935942
407,407,407,407,20221201,2956.34,Card,390.7,7.566777578704889
408,408,408,408,20220409,2206.68,Cash,315.22,7.0004441342554395
409,409,409,409,20221022,1191.55,Bank Transfer,233.67,5.099285316899902
410,410,410,410,20220904,1898.1,Card,238.88,7.945830542531815
411,411,411,411,20221229,1798.64,Card,226.48,7.941716707877076
412,412,412,412,20221229,2225.42,Bank Transfer,416.83,5.338915145263058
413,413,413,413,20220116,2707.22,Cash,392.84,6.8914061704510745
414,414,414,414,20220216,91.66,Cash,19.48,4.705338809034908
415,415,415,415,20221123,1711.41,Cash,421.58,4.059514208453912
416,416,416,416,20221017,559.51,Bank Transfer,111.94,4.998302662140432
417,417,417,417,20220609,3445.55,Bank Transfer,433.59,7.946562420720036
418,418,418,418,20221101,2580.63,Card,350.18,7.369438574447427
419,419,419,419,20220324,2174.52,Bank Transfer,425.82,5.106664787938565
420,420,420,420,20221205,387.19,Cash,77.03,5.026483188368168
421,421,421,421,20221127,1349.48,Card,224.6,6.008370436331256
422,422,422,422,20220503,253.06,Card,43.83,5.77367100159708
423,423,423,423,20220131,2658.19,Card,351.6,7.560267349260523
424,424,424,424,20221205,2039.77,Bank Transfer,457.17,4.4617319596648946
425,425,425,425,20220130,2070.57,Card,451.54,4.585573814058555
426,426,426,426,20221106,1271.52,Bank Transfer,253.42,5.01744140162576
427,427,427,427,20220312,2497.47,Cash,376.18,6.639029188154606
428,428,428,428,20220523,1902.3,Cash,250.49,7.59431514232105
429,429,429,429,20220613,2506.4,Bank Transfer,425.39,5.892004983662051
430,430,430,430,20221004,332.0,Cash,50.03,6.63601838896662
431,431,431,431,20220520,1290.58,Cash,310.23,4.160074783225348
432,432,432,432,20220609,1130.86,Cash,255.45,4.426932863574085
433,433,433,433,20220608,352.94,Cash,75.85,4.6531311799604484
434,434,434,434,20221026,2154.77,Bank Transfer,325.69,6.616015229205686
435,435,435,435,20220105,710.15,Bank Transfer,137.14,5.178284964270089
436,436,436,436,20221223,843.66,Cash,161.83,5.213248470617314
437,437,437,437,20221023,1363.56,Card,251.29,5.426240598511679
438,438,438,438,20220423,1675.49,Card,240.9,6.955126608551266
439,439,439,439,20221209,501.7,Cash,105.61,4.750497112015908
440,440,440,440,20220710,2671.38,Cash,340.7,7.840857058996185
441,441,441,441,20220913,829.8,Cash,112.13,7.400338892357086
442,442,442,442,20220605,903.27,Cash,122.2,7.391734860883797
443,443,443,443,20220628,3216.81,Cash,456.55,7.045909538933304
444,444,444,444,20220515,1680.65,Card,256.45,6.553519204523299
445,445,445,445,20220117,62.82,Card,8.16,7.698529411764706
446,446,446,446,20220214,1780.04,Cash,383.22,4.644955900005218
447,447,447,447,20221101,1684.15,Bank Transfer,346.55,4.859760496320877
448,448,448,448,20220912,1388.56,Bank Transfer,307.18,4.520346376717234
449,449,449,449,20220621,2302.37,Cash,379.2,6.071650843881857
450,450,450,450,20220415,2041.3,Cash,384.45,5.309663155156717
451,451,451,451,20220630,2128.94,Card,404.38,5.264701518373807
452,452,452,452,20220312,3413.73,Card,479.97,7.112382023876492
453,453,453,453,20220620,1979.95,Card,440.03,4.499579574119947
454,454,454,454,20220921,1819.88,Cash,246.71,7.376596003404807
455,455,455,455,20220519,78.47,Card,16.88,4.648696682464455
456,456,456,456,20220816,1539.73,Card,297.04,5.1835779692970645
457,457,457,457,20221129,2282.94,Bank Transfer,339.66,6.721250662427133
458,458,458,458,20220302,388.86,Bank Transfer,96.62,4.024632581246118
459,459,459,459,20220913,1404.75,Bank Transfer,266.09,5.279228832349958
460,460,460,460,20220807,1504.16,Cash,202.58,7.425017277125086
461,461,461,461,20221103,2608.71,Card,424.32,6.147977941176471
462,462,462,462,20220719,2946.66,Card,377.61,7.8034480019067285
463,463,463,463,20220123,884.23,Cash,201.47,4.388891646398967
464,464,464,464,20220828,3064.16,Cash,493.02,6.21508255243195
465,465,465,465,20221119,1363.22,Bank Transfer,295.16,4.618579753354113
466,466,466,466,20220508,1873.96,Cash,324.61,5.772958319213826
467,467,467,467,20221113,1898.57,Cash,432.48,4.389960229374768
468,468,468,468,20220404,274.22,Card,39.01,7.029479620610101
469,469,469,469,20220601,2773.75,Bank Transfer,366.54,7.567386915479893
470,470,470,470,20220726,85.94,Card,12.91,6.656855151045701
471,471,471,471,20220714,2250.64,Bank Transfer,446.77,5.0375808581596795
472,472,472,472,20220715,1695.66,Card,227.2,7.463292253521128
473,473,473,473,20220704,144.12,Card,32.12,4.486924034869241
474,474,474,474,20220120,745.33,Cash,134.81,5.528744158445219
475,475,475,475,20221210,884.54,Cash,135.48,6.52893416002362
476,476,476,476,20220224,383.77,Card,68.55,5.598395331874544
477,477,477,477,20220921,565.44,Cash,114.62,4.933170476356657
478,478,478,478,20220129,1113.39,Cash,194.2,5.7332131822863035
479,479,479,479,20220901,234.91,Cash,37.41,6.279337075648223
480,480,480,480,20220615,2008.01,Bank Transfer,429.06,4.680021442222533
481,481,481,481,20220214,3063.28,Bank Transfer,399.03,7.676816279477735
482,482,482,482,20220814,119.0,Card,27.53,4.322557210316019
483,483,483,483,20220118,1378.37,Card,330.31,4.172958735733099
484,484,484,484,20220401,1902.37,Cash,317.56,5.990584456480665
485,485,485,485,20220919,865.0,Cash,161.73,5.3484202065170345
486,486,486,486,20220613,383.83,Card,64.61,5.940721250580405
487,487,487,487,20220602,1351.42,Card,209.57,6.448537481509758
488,488,488,488,20220511,1909.0,Cash,291.3,6.5533813937521455
489,489,489,489,20220322,2611.65,Cash,478.2,5.461417816813049
490,490,490,490,20220331,1866.22,Bank Transfer,348.58,5.353778185782317
491,491,491,491,20220820,436.83,Card,80.39,5.433884811543724
492,492,492,492,20220129,3266.83,Cash,442.63,7.380498384655356
493,493,493,493,20220515,1315.77,Bank Transfer,164.72,7.987918892666343
494,494,494,494,20220303,967.92,Cash,122.53,7.899453195135885
495,495,495,495,20221217,1580.11,Bank Transfer,223.18,7.079980284971771
496,496,496,496,20220809,173.03,Bank Transfer,27.64,6.26013024602026
497,497,497,497,20220726,1039.91,Bank Transfer,182.28,5.705014263770025
498,498,498,498,20220516,418.72,Bank Transfer,86.49,4.84125332408371
499,499,499,499,20221011,2873.84,Card,495.43,5.800698383222655
500,500,500,500,20220105,74.47,Card,13.2,5.641666666666667
501,501,501,501,20220607,1100.9,Card,273.02,4.0323053256171715
502,502,502,502,20220428,1666.02,Bank Transfer,259.13,6.429282599467449
503,503,503,503,20220605,3443.63,Cash,442.63,7.779929060389039
504,504,504,504,20220112,1456.13,Cash,288.16,5.053199611327041
505,505,505,505,20220322,1293.6,Card,235.24,5.4990647849005265
506,506,506,506,20220305,879.12,Cash,134.24,6.548867699642431
507,507,507,507,20220910,1046.67,Bank Transfer,186.8,5.603158458244112
508,508,508,508,20220613,308.45,Card,60.7,5.08154859967051
509,509,509,509,20221118,1303.17,Bank Transfer,302.66,4.305722593008657
510,510,510,510,20220719,1717.59,Card,328.29,5.231929087087635
511,511,511,511,20220514,2307.19,Cash,385.05,5.991923126866641
512,512,512,512,20220401,2760.18,Cash,481.35,5.73424742910564
513,513,513,513,20220228,906.47,Bank Transfer,152.89,5.928903132971418
514,514,514,514,20220608,1816.4,Card,393.99,4.61026929617503
515,515,515,515,20220412,238.35,Card,59.28,4.020748987854251
516,516,516,516,20221101,3396.43,Card,445.82,7.6183885873222374
517,517,517,517,20220112,2232.72,Card,333.66,6.69160222981478
518,518,518,518,20220701,1954.99,Bank Transfer,280.59,6.967425781389216
519,519,519,519,20220507,814.6,Cash,163.16,4.992645256190243
520,520,520,520,20220311,2369.57,Cash,362.43,6.5380073393482885
521,521,521,521,20220712,1402.08,Card,327.09,4.286526644042924
522,522,522,522,20220208,3793.1,Card,481.92,7.870808432934926
523,523,523,523,20221108,1324.65,Bank Transfer,309.08,4.285783615892326
524,524,524,524,20220629,754.29,Card,184.69,4.084086848232173
525,525,525,525,20221108,1879.62,Card,240.4,7.818718801996671
526,526,526,526,20220822,1604.39,Cash,318.11,5.04350696300022
527,527,527,527,20220506,1896.04,Card,355.53,5.332995809073777
528,528,528,528,20220815,707.89,Cash,105.76,6.693362329803328
529,529,529,529,20221215,1343.04,Bank Transfer,332.28,4.041892379920549
530,530,530,530,20221009,2038.81,Bank Transfer,475.59,4.286906789461511
531,531,531,531,20220709,202.11,Bank Transfer,47.43,4.261227071473751
532,532,532,532,20221008,2171.36,Card,331.45,6.551093679287978
533,533,533,533,20220727,2054.97,Bank Transfer,377.67,5.441178806894907
534,534,534,534,20220109,688.15,Cash,90.71,7.586263917980378
535,535,535,535,20220131,2627.27,Cash,448.29,5.8606482410939345
536,536,536,536,20220430,945.43,Cash,130.58,7.240235870730586
537,537,537,537,20220902,240.32,Card,56.58,4.247437256981265
538,538,538,538,20220915,533.29,Card,78.81,6.766780865372414
539,539,539,539,20221012,2199.06,Bank Transfer,464.67,4.73251985279876
540,540,540,540,20220403,3213.37,Card,435.92,7.371467241695724
541,541,541,541,20221210,375.94,Bank Transfer,88.57,4.244552331489218
542,542,542,542,20220329,2660.37,Bank Transfer,458.18,5.806386136452922
543,543,543,543,20220924,2222.38,Cash,497.17,4.470060542671521
544,544,544,544,20221104,983.13,Bank Transfer,132.36,7.427697189483227
545,545,545,545,20220217,3441.38,Card,449.18,7.661472015673004
546,546,546,546,20221009,503.12,Card,86.51,5.815743844642237
547,547,547,547,20221106,1133.0,Bank Transfer,157.69,7.184983194876023
548,548,548,548,20221025,1528.63,Card,348.82,4.38228885958374
549,549,549,549,20220713,1175.28,Card,251.38,4.675312276235182
550,550,550,550,20220906,1804.81,Card,337.08,5.354248249673668
551,551,551,551,20221212,2509.25,Bank Transfer,341.71,7.343215006877177
552,552,552,552,20221130,2222.54,Bank Transfer,340.78,6.5219203004871185
553,553,553,553,20221114,1602.34,Cash,265.0,6.0465660377358486
554,554,554,554,20220123,1011.12,Card,150.3,6.727345309381237
555,555,555,555,20220525,557.28,Card,92.08,6.052128583840139
556,556,556,556,20220801,1442.57,Cash,298.36,4.834997989006569
557,557,557,557,20220112,2953.07,Bank Transfer,412.32,7.162082848273187
558,558,558,558,20220927,47.75,Bank Transfer,6.29,7.591414944356121
559,559,559,559,20221205,1176.74,Cash,294.09,4.001292121459418
560,560,560,560,20220805,1946.88,Card,427.06,4.558797358684963
561,561,561,561,20220806,366.33,Bank Transfer,65.86,5.562253264500455
562,562,562,562,20221120,1066.55,Bank Transfer,237.28,4.494900539447067
563,563,563,563,20220101,1831.67,Cash,299.57,6.1143305404412995
564,564,564,564,20220314,687.83,Bank Transfer,102.73,6.695512508517473
565,565,565,565,20220416,1035.57,Bank Transfer,210.91,4.910009008581859
566,566,566,566,20220711,3408.84,Cash,428.23,7.960301707026598
567,567,567,567,20220727,446.61,Card,66.84,6.681777378815081
568,568,568,568,20220308,1863.17,Cash,336.94,5.529678874577076
569,569,569,569,20221017,665.37,Cash,102.98,6.461157506311905
570,570,570,570,20220912,1960.39,Cash,381.12,5.143760495382032
571,571,571,571,20221201,3595.65,Cash,453.68,7.925520190442603
572,572,572,572,20221031,2140.53,Card,393.61,5.438200248977415
573,573,573,573,20220830,2275.62,Card,374.78,6.07188217087358
574,574,574,574,20220816,653.45,Card,106.34,6.144912544668046
575,575,575,575,20221117,2609.58,Card,481.7,5.417438239568196
576,576,576,576,20220225,1948.16,Bank Transfer,416.31,4.679589728807859
577,577,577,577,20220808,912.5,Cash,145.93,6.252998012745837
578,578,578,578,20220420,499.01,Bank Transfer,111.29,4.483870967741935
579,579,579,579,20220108,482.91,Bank Transfer,101.47,4.75914063269932
580,580,580,580,20220612,2346.0,Card,438.79,5.346521114884113
581,581,581,581,20220426,1740.1,Bank Transfer,229.37,7.586432401796224
582,582,582,582,20220514,2048.97,Card,351.06,5.836523671167321
583,583,583,583,20220719,2493.0,Bank Transfer,469.03,5.315225038910091
584,584,584,584,20220110,1495.85,Card,307.8,4.859811565951916
585,585,585,585,20220127,1831.25,Cash,443.78,4.126481589977016
586,586,586,586,20220718,1943.41,Bank Transfer,353.51,5.497468247008571
587,587,587,587,20221019,1611.09,Cash,223.43,7.210714765250861
588,588,588,588,20220609,1857.78,Cash,414.36,4.483492615117289
589,589,589,589,20220628,112.2,Bank Transfer,26.0,4.315384615384615
590,590,590,590,20220708,976.89,Card,129.87,7.522060522060522
591,591,591,591,20220921,1456.42,Card,226.65,6.425854842267814
592,592,592,592,20220703,1953.39,Cash,245.76,7.948364257812501
593,593,593,593,20220829,43.56,Card,8.43,5.167259786476869
594,594,594,594,20220617,651.93,Card,114.47,5.695203983576483
595,595,595,595,20220617,71.87,Card,11.87,6.054759898904803
596,596,596,596,20220125,3361.64,Cash,451.78,7.440878303599097
597,597,597,597,20220318,2359.98,Card,463.77,5.088686202212304
598,598,598,598,20221223,1548.34,Cash,309.88,4.996579321027494
599,599,599,599,20220127,1738.24,Cash,429.49,4.047218794384037
600,600,600,600,20221029,1129.83,Cash,152.68,7.399986900707361
601,601,601,601,20220310,103.96,Card,23.71,4.384647827920708
602,602,602,602,20221116,3482.07,Bank Transfer,475.2,7.327588383838385
603,603,603,603,20220119,2362.15,Bank Transfer,325.15,7.264800861141013
604,604,604,604,20220416,2132.96,Cash,390.53,5.4617058868716875
605,605,605,605,20220310,792.48,Bank Transfer,188.8,4.197457627118644
606,606,606,606,20220501,1781.29,Bank Transfer,262.47,6.786642282927572
607,607,607,607,20220712,371.23,Card,54.14,6.856852604359069
608,608,608,608,20220123,1440.51,Cash,341.48,4.218431533325524
609,609,609,609,20220801,40.53,Bank Transfer,7.97,5.085319949811795
610,610,610,610,20220109,2766.84,Bank Transfer,347.04,7.97268326417704
611,611,611,611,20220716,1945.54,Card,258.67,7.52132060153864
612,612,612,612,20221020,3391.79,Card,497.05,6.823840659893371
613,613,613,613,20220902,599.68,Bank Transfer,89.84,6.674977738201246
614,614,614,614,20220531,3124.02,Card,405.4,7.706018746916626
615,615,615,615,20220825,1228.66,Cash,194.47,6.317992492415283
616,616,616,616,20220331,1585.88,Bank Transfer,245.27,6.465853956863865
617,617,617,617,20220727,45.65,Bank Transfer,5.71,7.994746059544658
618,618,618,618,20220830,1779.25,Cash,280.37,6.346078396404751
619,619,619,619,20220619,3077.82,Card,436.99,7.0432275338108425
620,620,620,620,20220524,2067.06,Bank Transfer,348.98,5.923147458307066
621,621,621,621,20221112,1877.73,Cash,273.04,6.877124230881922
622,622,622,622,20220430,1063.98,Card,198.1,5.370923775870772
623,623,623,623,20221227,78.44,Card,14.07,5.574982231698649
624,624,624,624,20220128,3359.03,Cash,455.89,7.368071245256532
625,625,625,625,20220605,3803.16,Bank Transfer,476.6,7.979773394880402
626,626,626,626,20220805,703.23,Card,100.22,7.016862901616444
627,627,627,627,20220527,2527.23,Bank Transfer,382.62,6.605065077622706
628,628,628,628,20220520,1010.81,Bank Transfer,211.5,4.779243498817967
629,629,629,629,20220312,1705.88,Cash,243.56,7.003941533913615
630,630,630,630,20220712,286.98,Bank Transfer,39.67,7.234182001512478
631,631,631,631,20221204,1778.53,Cash,403.86,4.403828059228445
632,632,632,632,20221130,1083.72,Cash,227.06,4.77283537390998
633,633,633,633,20220816,2749.36,Card,452.11,6.0811749353033555
634,634,634,634,20220123,2846.97,Card,435.68,6.534543701799485
635,635,635,635,20220405,1354.36,Card,278.47,4.863575968686034
636,636,636,636,20220609,645.99,Card,126.65,5.100592183181997
637,637,637,637,20220507,472.56,Bank Transfer,97.9,4.8269662921348315
638,638,638,638,20220202,1333.63,Cash,167.62,7.95627013482878
639,639,639,639,20221102,641.25,Card,157.27,4.0773828447892155
640,640,640,640,20220213,614.86,Cash,148.77,4.132956913356187
641,641,641,641,20220902,608.95,Cash,134.1,4.541014168530948
642,642,642,642,20221227,2630.43,Cash,337.86,7.785562067128396
643,643,643,643,20220306,2579.66,Cash,445.45,5.791132562577169
644,644,644,644,20220429,1190.21,Cash,162.03,7.34561500956613
645,645,645,645,20220301,1892.23,Card,310.23,6.099442349224768
646,646,646,646,20220206,2739.08,Bank Transfer,430.18,6.367288111953136
647,647,647,647,20221220,911.34,Bank Transfer,128.71,7.080568720379147
648,648,648,648,20220806,274.58,Bank Transfer,67.08,4.093321407274895
649,649,649,649,20220721,3850.69,Card,488.74,7.878810819658714
650,650,650,650,20221006,674.93,Cash,86.77,7.778379624294111
651,651,651,651,20220624,892.9,Card,175.26,5.0947164213169005
652,652,652,652,20220602,810.16,Cash,179.9,4.503390772651473
653,653,653,653,20220414,683.22,Card,150.06,4.55297880847661
654,654,654,654,20220314,1649.46,Cash,391.69,4.211136357834001
655,655,655,655,20220727,1095.11,Card,270.71,4.045325255808799
656,656,656,656,20221201,2836.59,Card,498.35,5.6919634794822915
657,657,657,657,20221114,2067.76,Cash,293.03,7.056478858819918
658,658,658,658,20220911,2464.78,Bank Transfer,412.39,5.97681806057373
659,659,659,659,20220320,2661.74,Bank Transfer,437.92,6.078142126415783
660,660,660,660,20220514,534.3,Card,75.38,7.08808702573627
661,661,661,661,20220123,2141.67,Cash,479.34,4.467955939416698
662,662,662,662,20221027,3831.88,Card,484.89,7.902575841943534
663,663,663,663,20220906,608.07,Bank Transfer,110.1,5.522888283378747
664,664,664,664,20220614,3349.67,Cash,493.58,6.786478382430407
665,665,665,665,20221217,2278.84,Bank Transfer,367.77,6.1963727329581
666,666,666,666,20220806,3078.2,Cash,472.93,6.508785655382403
667,667,667,667,20221125,2878.13,Bank Transfer,496.23,5.799991939221732
668,668,668,668,20221129,800.24,Bank Transfer,150.18,5.328539086429617
669,669,669,669,20220429,2354.73,Bank Transfer,435.85,5.402615578754158
670,670,670,670,20220815,1245.42,Card,192.69,6.463334890238207
671,671,671,671,20221029,1363.89,Card,324.55,4.202403327684486
672,672,672,672,20220704,1825.83,Bank Transfer,404.47,4.514129601700991
673,673,673,673,20220805,1524.49,Bank Transfer,248.69,6.130081627729302
674,674,674,674,20221114,1206.74,Card,155.81,7.7449457672806625
675,675,675,675,20221015,2497.59,Cash,331.29,7.538983971746808
676,676,676,676,20220202,1783.05,Cash,310.13,5.74936317028343
677,677,677,677,20221009,2650.8,Card,464.44,5.7075187322366725
678,678,678,678,20220902,1935.87,Card,381.27,5.077425446533952
679,679,679,679,20220722,1713.61,Card,281.51,6.087208269688466
680,680,680,680,20221017,1125.2,Cash,210.11,5.355290086145352
681,681,681,681,20221126,2784.87,Cash,431.32,6.456621533895947
682,682,682,682,20220504,2524.6,Cash,408.95,6.173370827729551
683,683,683,683,20220525,1915.66,Card,373.47,5.1293544327522955
684,684,684,684,20221231,1806.91,Cash,284.57,6.3496152089116915
685,685,685,685,20220312,2487.7,Bank Transfer,442.54,5.621412753649387
686,686,686,686,20220123,2412.14,Bank Transfer,334.4,7.213337320574163
687,687,687,687,20221218,2501.2,Card,357.0,7.0061624649859935
688,688,688,688,20220730,1073.94,Cash,239.4,4.485964912280702
689,689,689,689,20220307,2156.6,Cash,284.81,7.572065587584706
690,690,690,690,20220117,1729.31,Bank Transfer,273.97,6.312041464393911
691,691,691,691,20220218,784.64,Cash,179.95,4.360322311753265
692,692,692,692,20220331,364.59,Cash,72.6,5.021900826446281
693,693,693,693,20220524,212.32,Card,39.16,5.421859039836568
694,694,694,694,20220308,2570.27,Card,347.5,7.396460431654676
695,695,695,695,20220110,1046.87,Card,148.32,7.058185005393743
696,696,696,696,20220521,1282.51,Bank Transfer,175.02,7.3277911095874755
697,697,697,697,20220208,768.53,Bank Transfer,186.16,4.128330468414267
698,698,698,698,20220131,3012.85,Bank Transfer,399.24,7.546463280232441
699,699,699,699,20220924,615.99,Card,78.45,7.852007648183556
700,700,700,700,20220628,843.24,Bank Transfer,118.18,7.135217464884075
701,701,701,701,20220301,1842.41,Cash,297.76,6.187567168189146
702,702,702,702,20220802,206.65,Bank Transfer,30.83,6.702886798572819
703,703,703,703,20220610,1073.13,Bank Transfer,250.61,4.282071744942341
704,704,704,704,20220727,1084.37,Cash,215.4,5.034215413184772
705,705,705,705,20220622,1354.26,Bank Transfer,230.25,5.881693811074919
706,706,706,706,20220904,1698.45,Cash,267.32,6.353621128235822
707,707,707,707,20221210,752.48,Card,109.49,6.87259110421043
708,708,708,708,20220504,2338.88,Card,366.17,6.387415681240953
709,709,709,709,20220407,789.42,Cash,134.25,5.880223463687151
710,710,710,710,20220428,958.71,Card,196.2,4.886391437308869
711,711,711,711,20220110,316.19,Card,48.88,6.468698854337152
712,712,712,712,20220520,97.62,Bank Transfer,14.32,6.817039106145252
713,713,713,713,20221118,461.56,Bank Transfer,99.24,4.650947198710198
714,714,714,714,20220814,1277.26,Bank Transfer,201.91,6.325887771779506
715,715,715,715,20220702,2266.26,Bank Transfer,302.15,7.50044679794804
716,716,716,716,20221015,316.43,Card,68.06,4.649280047017338
717,717,717,717,20220306,1122.84,Cash,146.83,7.6472110604099965
718,718,718,718,20221205,983.48,Card,159.3,6.173760200878845
719,719,719,719,20220919,323.73,Cash,51.45,6.292128279883382
720,720,720,720,20221201,773.65,Card,169.26,4.57077868368191
721,721,721,721,20220101,1993.39,Bank Transfer,426.08,4.678440668419077
722,722,722,722,20220729,409.88,Card,73.23,5.597159634029769
723,723,723,723,20221111,1547.18,Card,221.61,6.981544154144668
724,724,724,724,20220523,2075.27,Cash,260.56,7.964653054958551
725,725,725,725,20220906,2219.77,Bank Transfer,391.99,5.662823031199776
726,726,726,726,20220612,1471.15,Cash,190.25,7.732720105124836
727,727,727,727,20221120,2385.4,Card,421.67,5.657030379206488
728,728,728,728,20220626,1928.41,Bank Transfer,405.89,4.751065559634384
729,729,729,729,20220711,1862.23,Bank Transfer,463.36,4.01897013121547
730,730,730,730,20220504,3362.56,Card,496.35,6.774574393069407
731,731,731,731,20220109,2192.79,Cash,387.81,5.654289471648488
732,732,732,732,20221201,691.28,Card,107.27,6.4442994313414745
733,733,733,733,20220609,1425.49,Cash,297.96,4.78416565982011
734,734,734,734,20221102,1979.76,Bank Transfer,413.43,4.788622015818881
735,735,735,735,20220921,2590.18,Bank Transfer,384.73,6.73246172640553
736,736,736,736,20220504,3132.07,Card,408.28,7.671377486038994
737,737,737,737,20221031,2361.64,Bank Transfer,442.24,5.340177279305355
738,738,738,738,20221017,161.37,Card,27.07,5.961211673439232
739,739,739,739,20220105,1826.37,Card,240.17,7.604488487321481
740,740,740,740,20221102,203.07,Bank Transfer,29.5,6.883728813559322
741,741,741,741,20220129,2101.56,Card,418.22,5.02501075988714
742,742,742,742,20220330,2206.93,Bank Transfer,385.15,5.730053226015838
743,743,743,743,20220511,654.92,Bank Transfer,146.89,4.458574443461093
744,744,744,744,20221217,2346.81,Cash,421.78,5.564061833183176
745,745,745,745,20221027,719.02,Card,142.93,5.030574407052403
746,746,746,746,20220303,274.1,Cash,64.76,4.2325509573810995
747,747,747,747,20220110,863.53,Bank Transfer,179.24,4.817730417317563
748,748,748,748,20220421,1437.58,Card,199.51,7.205553606335522
749,749,749,749,20221206,1870.99,Cash,376.83,4.965077090465197
750,750,750,750,20220915,809.55,Card,197.92,4.090289005658852
751,751,751,751,20220202,349.88,Cash,71.25,4.91059649122807
752,752,752,752,20220305,575.48,Bank Transfer,81.57,7.055044746843203
753,753,753,753,20220204,526.78,Cash,119.38,4.412631931646842
754,754,754,754,20220427,1659.33,Cash,392.57,4.226838525613267
755,755,755,755,20220109,185.64,Bank Transfer,45.35,4.093495038588753
756,756,756,756,20220109,2120.56,Card,268.02,7.911946869636594
757,757,757,757,20221027,783.51,Card,102.99,7.607631808913487
758,758,758,758,20221018,240.21,Bank Transfer,33.58,7.153365098272782
759,759,759,759,20220416,512.97,Card,98.1,5.229051987767584
760,760,760,760,20220228,435.12,Cash,61.18,7.112128146453089
761,761,761,761,20220208,475.91,Cash,110.71,4.298708337096921
762,762,762,762,20220217,1698.87,Card,240.6,7.060972568578554
763,763,763,763,20220809,1907.97,Cash,472.67,4.036579431738845
764,764,764,764,20220224,193.64,Bank Transfer,35.05,5.524679029957204
765,765,765,765,20220910,1003.3,Cash,219.39,4.573134600483158
766,766,766,766,20221231,469.73,Card,91.34,5.142653820888986
767,767,767,767,20220416,2299.93,Card,429.06,5.360392485899408
768,768,768,768,20220129,31.4,Card,7.17,4.379358437935844
769,769,769,769,20220819,1033.27,Bank Transfer,185.02,5.584639498432601
770,770,770,770,20221019,2576.58,Card,376.9,6.836243035287875
771,771,771,771,20220829,2556.14,Bank Transfer,382.87,6.676260871836393
772,772,772,772,20221115,709.57,Card,93.99,7.549420151079903
773,773,773,773,20220311,684.13,Bank Transfer,155.25,4.406634460547504
774,774,774,774,20220829,1909.27,Card,313.14,6.097176981541803
775,775,775,775,20220422,2716.74,Bank Transfer,481.9,5.637559659680432
776,776,776,776,20221215,3465.42,Card,486.26,7.1266811993583685
777,777,777,777,20220710,273.97,Card,49.44,5.541464401294499
778,778,778,778,20220815,2341.98,Bank Transfer,326.42,7.174744194595919
779,779,779,779,20221002,451.62,Cash,90.22,5.0057636887608075
780,780,780,780,20221017,2194.14,Bank Transfer,464.75,4.721118881118881
781,781,781,781,20221129,1620.08,Bank Transfer,222.67,7.275699465576863
782,782,782,782,20221103,748.67,Bank Transfer,122.61,6.10610880026099
783,783,783,783,20220918,1323.61,Cash,167.62,7.896492065385991
784,784,784,784,20221116,891.02,Cash,147.42,6.044091710758378
785,785,785,785,20220220,1296.71,Card,285.18,4.5469878673118735
786,786,786,786,20220318,764.42,Cash,157.05,4.867367080547596
787,787,787,787,20220718,187.36,Card,32.26,5.807811531308122
788,788,788,788,20220624,103.89,Bank Transfer,13.29,7.817155756207676
789,789,789,789,20220109,1565.48,Bank Transfer,203.28,7.701101928374656
790,790,790,790,20220214,957.98,Card,227.48,4.211271320555653
791,791,791,791,20220507,671.89,Card,124.17,5.411049367802207
792,792,792,792,20220602,854.32,Card,130.54,6.544507430672591
793,793,793,793,20221223,818.99,Cash,160.27,5.1100642665501965
794,794,794,794,20220301,1553.36,Card,321.79,4.827247583827962
795,795,795,795,20220127,2191.17,Cash,389.85,5.620546363986149
796,796,796,796,20221217,3388.05,Card,450.04,7.528330815038664
797,797,797,797,20220303,1999.25,Card,441.22,4.531186256289379
798,798,798,798,20221011,1619.09,Cash,384.7,4.208708084221471
799,799,799,799,20220801,1216.19,Bank Transfer,215.5,5.643573085846868
800,800,800,800,20221217,2402.52,Bank Transfer,398.56,6.028000802890405
801,801,801,801,20220129,717.93,Card,127.64,5.624647445941711
802,802,802,802,20221123,2405.25,Bank Transfer,489.18,4.9169017539555995
803,803,803,803,20220331,370.33,Cash,51.45,7.1978620019436335
804,804,804,804,20220110,637.46,Cash,144.65,4.406913238852402
805,805,805,805,20220613,710.68,Bank Transfer,96.9,7.334158926728585
806,806,806,806,20220720,2537.18,Card,405.45,6.257688987544703
807,807,807,807,20220727,2035.85,Bank Transfer,445.15,4.573402223969449
808,808,808,808,20220604,1134.24,Cash,239.6,4.733889816360601
809,809,809,809,20220718,2377.41,Card,353.94,6.7169859298186125
810,810,810,810,20221217,152.48,Bank Transfer,22.73,6.708315002199735
811,811,811,811,20221010,2219.33,Bank Transfer,419.16,5.294708464548143
812,812,812,812,20220703,3376.24,Cash,437.05,7.725065781947145
813,813,813,813,20220729,3640.05,Cash,499.06,7.293812367250431
814,814,814,814,20220324,2804.71,Cash,398.63,7.035872864561122
815,815,815,815,20220715,2713.9,Cash,402.76,6.738256033369749
816,816,816,816,20220728,850.73,Card,200.79,4.236914188953634
817,817,817,817,20221012,435.37,Card,71.24,6.11131386861314
818,818,818,818,20221210,1222.31,Bank Transfer,273.13,4.475194962105957
819,819,819,819,20221204,2727.85,Cash,499.54,5.4607238659566795
820,820,820,820,20220520,298.82,Bank Transfer,70.25,4.253665480427046
821,821,821,821,20220201,1442.34,Card,272.5,5.292990825688073
822,822,822,822,20220824,879.97,Cash,147.14,5.980494766888678
823,823,823,823,20220305,1748.9,Card,324.07,5.396673558181875
824,824,824,824,20220216,3148.42,Bank Transfer,477.9,6.58803096882193
825,825,825,825,20220829,3455.55,Bank Transfer,485.84,7.11252675778034
826,826,826,826,20220928,122.12,Bank Transfer,17.43,7.0063109581181875
827,827,827,827,20220110,1370.8,Bank Transfer,244.26,5.612052730696798
828,828,828,828,20220805,882.08,Bank Transfer,130.8,6.743730886850153
829,829,829,829,20221202,2540.32,Cash,440.71,5.764153298087178
830,830,830,830,20220204,2316.44,Cash,313.13,7.3976942483952355
831,831,831,831,20220906,1259.17,Cash,242.33,5.1960962324103495
832,832,832,832,20221008,1356.67,Cash,256.31,5.29308259529476
833,833,833,833,20220815,432.31,Cash,81.34,5.3148512417015
834,834,834,834,20220507,616.96,Card,151.4,4.075033025099075
835,835,835,835,20221101,3244.95,Cash,477.01,6.802687574683969
836,836,836,836,20221122,817.0,Cash,106.62,7.662727443256425
837,837,837,837,20221015,173.99,Card,23.28,7.473797250859106
838,838,838,838,20220606,177.85,Bank Transfer,23.02,7.7258905299739355
839,839,839,839,20221116,1684.26,Bank Transfer,377.44,4.462325137770241
840,840,840,840,20221229,367.39,Cash,65.05,5.647809377401998
841,841,841,841,20220427,1124.89,Cash,146.75,7.66534923339012
842,842,842,842,20220103,949.1,Card,155.48,6.104322099305377
843,843,843,843,20220130,677.37,Bank Transfer,156.73,4.321891150386015
844,844,844,844,20221120,3153.58,Bank Transfer,479.74,6.57351898945262
845,845,845,845,20220629,1356.5,Cash,216.01,6.279801861024953
846,846,846,846,20221201,194.26,Card,31.63,6.141637685741385
847,847,847,847,20220727,1336.85,Cash,250.11,5.345048178801327
848,848,848,848,20220617,1426.1,Cash,226.93,6.284316749658484
849,849,849,849,20220809,1983.91,Bank Transfer,461.28,4.300880159556018
850,850,850,850,20220216,1984.84,Cash,408.47,4.8592063064606945
851,851,851,851,20220525,1403.41,Bank Transfer,269.35,5.21035826990904
852,852,852,852,20221115,387.95,Card,55.5,6.9900900900900895
853,853,853,853,20221224,3046.79,Cash,464.38,6.560984538524484
854,854,854,854,20220719,526.44,Bank Transfer,116.12,4.533585945573545
855,855,855,855,20220524,1859.89,Bank Transfer,261.48,7.112934067615114
856,856,856,856,20221217,773.21,Cash,183.79,4.207029762228631
857,857,857,857,20220521,2862.31,Bank Transfer,423.71,6.75535153760827
858,858,858,858,20220608,1931.65,Card,269.59,7.165139656515451
859,859,859,859,20220208,2181.82,Card,427.81,5.099974287651061
860,860,860,860,20220408,1590.39,Cash,208.35,7.633261339092873
861,861,861,861,20220626,2901.13,Cash,394.96,7.345376747012357
862,862,862,862,20220403,646.52,Bank Transfer,122.4,5.28202614379085
863,863,863,863,20220314,3595.97,Card,486.71,7.3883215878038255
864,864,864,864,20220514,2222.98,Bank Transfer,420.7,5.284002852388876
865,865,865,865,20220314,579.79,Bank Transfer,137.66,4.211753595815778
866,866,866,866,20220314,240.35,Bank Transfer,52.28,4.597360367253252
867,867,867,867,20220223,289.09,Card,64.16,4.505766832917706
868,868,868,868,20220305,1331.66,Cash,316.64,4.205596260737747
869,869,869,869,20220720,3646.97,Cash,478.62,7.619760979482679
870,870,870,870,20221106,614.24,Bank Transfer,111.59,5.504435881351376
871,871,871,871,20220311,2247.05,Cash,370.38,6.06687726119121
872,872,872,872,20220928,923.84,Cash,147.84,6.248917748917749
873,873,873,873,20220511,1696.83,Bank Transfer,238.29,7.1208611355910865
874,874,874,874,20220830,709.51,Cash,93.69,7.572953356815028
875,875,875,875,20221130,2370.71,Card,391.03,6.062731759711531
876,876,876,876,20220901,482.79,Card,61.49,7.851520572450805
877,877,877,877,20220708,89.64,Bank Transfer,13.22,6.780635400907715
878,878,878,878,20220612,828.02,Cash,141.65,5.845534768796329
879,879,879,879,20220701,1281.07,Card,228.79,5.599326893657939
880,880,880,880,20220521,1237.87,Cash,239.4,5.170718462823725
881,881,881,881,20220712,2906.24,Bank Transfer,434.19,6.693475206706741
882,882,882,882,20220127,1988.74,Bank Transfer,370.96,5.361063187405651
883,883,883,883,20221207,1839.47,Bank Transfer,403.1,4.563309352517986
884,884,884,884,20220214,264.29,Card,58.03,4.55436843012235
885,885,885,885,20221105,1355.03,Cash,321.12,4.219699800697558
886,886,886,886,20220712,525.99,Card,69.05,7.617523533671253
887,887,887,887,20221008,2132.78,Cash,325.42,6.553930305451417
888,888,888,888,20220809,642.84,Cash,154.49,4.161046022396271
889,889,889,889,20220420,25.23,Cash,6.16,4.095779220779221
890,890,890,890,20220112,2260.93,Cash,495.22,4.5655062396510635
891,891,891,891,20221008,1245.75,Card,158.37,7.866073119909074
892,892,892,892,20220129,388.11,Bank Transfer,52.33,7.4165870437607495
893,893,893,893,20220213,1069.56,Card,262.96,4.067386674779434
894,894,894,894,20220811,1150.64,Card,160.65,7.162402738873327
895,895,895,895,20221223,493.15,Bank Transfer,99.41,4.960768534352681
896,896,896,896,20220801,1284.46,Card,293.93,4.369952029394754
897,897,897,897,20220719,1706.67,Cash,328.66,5.192813241647904
898,898,898,898,20220121,956.05,Cash,236.31,4.045744995979857
899,899,899,899,20220914,3333.06,Bank Transfer,446.88,7.458512352309345
900,900,900,900,20220524,840.79,Bank Transfer,198.2,4.2421291624621595
901,901,901,901,20220331,327.3,Cash,55.81,5.86454040494535
902,902,902,902,20220110,1219.07,Bank Transfer,274.82,4.435885306746234
903,903,903,903,20220728,2054.19,Bank Transfer,265.45,7.738519495196836
904,904,904,904,20220507,2709.71,Cash,404.39,6.7007344395262
905,905,905,905,20220515,240.78,Card,37.64,6.396918172157279
906,906,906,906,20220511,211.55,Bank Transfer,27.09,7.809154669619787
907,907,907,907,20220512,3123.61,Bank Transfer,486.03,6.426784354875214
908,908,908,908,20221129,3023.23,Card,444.08,6.807849936948298
909,909,909,909,20220129,1451.2,Bank Transfer,269.54,5.383987534317726
910,910,910,910,20220906,1512.79,Card,244.11,6.197165212404244
911,911,911,911,20220923,1399.2,Cash,190.68,7.337948395217118
912,912,912,912,20220813,1714.2,Bank Transfer,267.72,6.402958314657104
913,913,913,913,20220820,1482.47,Card,244.55,6.062032304232263
914,914,914,914,20221213,2771.16,Bank Transfer,443.41,6.249656074513429
915,915,915,915,20220715,252.16,Card,47.05,5.359404888416578
916,916,916,916,20220324,2818.88,Bank Transfer,423.8,6.651439358187824
917,917,917,917,20220709,500.74,Card,95.71,5.23184620206875
918,918,918,918,20220902,895.69,Cash,135.77,6.59711276423363
919,919,919,919,20220314,182.46,Card,45.24,4.0331564986737405
920,920,920,920,20220321,2907.33,Cash,455.86,6.3776817443952085
921,921,921,921,20220523,1030.6,Cash,143.04,7.204977628635347
922,922,922,922,20220701,1368.24,Card,280.27,4.881863916937239
923,923,923,923,20220720,211.23,Card,35.68,5.92012331838565
924,924,924,924,20221103,1340.56,Card,328.1,4.085827491618408
925,925,925,925,20220119,1354.92,Card,335.61,4.037186019486905
926,926,926,926,20220708,1889.36,Cash,454.65,4.155636203673155
927,927,927,927,20221210,939.59,Card,203.4,4.619419862340217
928,928,928,928,20220311,925.29,Bank Transfer,133.8,6.915470852017936
929,929,929,929,20220908,1610.32,Cash,294.72,5.4638979370249725
930,930,930,930,20220820,1523.57,Card,282.43,5.394504833055978
931,931,931,931,20220208,184.57,Cash,27.73,6.655968265416516
932,932,932,932,20220718,1481.23,Bank Transfer,202.04,7.3313700257374785
933,933,933,933,20220303,556.39,Cash,102.57,5.424490591790972
934,934,934,934,20220310,175.04,Card,27.34,6.4023408924652525
935,935,935,935,20220427,2540.26,Bank Transfer,417.39,6.086058602266466
936,936,936,936,20220820,3878.59,Bank Transfer,499.83,7.759818338235
937,937,937,937,20220907,1698.94,Card,246.37,6.895888298088241
938,938,938,938,20220719,1278.96,Bank Transfer,174.56,7.326764436296975
939,939,939,939,20221205,1062.23,Cash,151.78,6.998484648833839
940,940,940,940,20220820,2191.52,Bank Transfer,321.33,6.820153736034606
941,941,941,941,20220410,2460.41,Cash,422.18,5.82786962906817
942,942,942,942,20220723,1120.0,Bank Transfer,183.92,6.089604175728578
943,943,943,943,20220201,668.13,Card,84.43,7.9134194006869585
944,944,944,944,20221129,2865.74,Cash,394.56,7.263128548256285
945,945,945,945,20220209,2512.91,Cash,445.52,5.640397737475309
946,946,946,946,20220702,348.06,Bank Transfer,67.0,5.194925373134328
947,947,947,947,20220630,1279.28,Bank Transfer,314.49,4.067792298642246
948,948,948,948,20220814,1186.28,Card,186.24,6.369630584192439
949,949,949,949,20221120,1936.91,Card,250.66,7.727240086172505
950,950,950,950,20220621,449.26,Cash,73.8,6.087533875338753
951,951,951,951,20220213,1064.87,Bank Transfer,204.97,5.1952480850856215
952,952,952,952,20220208,153.0,Card,22.01,6.951385733757382
953,953,953,953,20221027,1277.46,Cash,191.5,6.670809399477807
954,954,954,954,20221101,236.9,Bank Transfer,38.76,6.111971104231166
955,955,955,955,20220809,74.97,Card,11.27,6.6521739130434785
956,956,956,956,20220118,2866.52,Card,387.25,7.402246610716591
957,957,957,957,20220203,2329.28,Bank Transfer,300.08,7.762196747533992
958,958,958,958,20220329,2850.27,Cash,375.44,7.591812273598977
959,959,959,959,20220719,526.79,Bank Transfer,78.16,6.73989252814739
960,960,960,960,20220901,839.46,Bank Transfer,120.54,6.964161274265804
961,961,961,961,20221022,1962.56,Bank Transfer,363.95,5.392389064431928
962,962,962,962,20220722,2737.89,Card,403.66,6.7826636278055785
963,963,963,963,20221026,462.02,Card,77.77,5.940851227979941
964,964,964,964,20220908,1711.22,Cash,246.71,6.93615986380771
965,965,965,965,20221012,182.9,Bank Transfer,42.26,4.327969711310932
966,966,966,966,20221015,3662.62,Bank Transfer,474.21,7.723624554522258
967,967,967,967,20220404,29.91,Card,5.51,5.428312159709619
968,968,968,968,20220601,2262.79,Cash,387.81,5.834790232330264
969,969,969,969,20220616,1912.88,Bank Transfer,417.16,4.58548278837856
970,970,970,970,20220515,1479.56,Card,356.24,4.153267460139232
971,971,971,971,20220317,2444.98,Bank Transfer,371.43,6.582613143795601
972,972,972,972,20220721,1309.5,Cash,178.65,7.329974811083123
973,973,973,973,20221021,2361.67,Bank Transfer,474.05,4.981900643392048
974,974,974,974,20220302,2005.51,Card,269.06,7.4537649594885895
975,975,975,975,20220218,3546.82,Bank Transfer,469.72,7.550923954696414
976,976,976,976,20220213,2646.16,Card,449.99,5.8804862330274
977,977,977,977,20221102,1864.08,Card,360.85,5.165802965221006
978,978,978,978,20221204,1699.27,Cash,314.36,5.405490520422445
979,979,979,979,20220921,3205.61,Card,439.55,7.292935957228984
980,980,980,980,20221117,1902.76,Card,272.96,6.9708382180539274
981,981,981,981,20220416,2729.39,Cash,468.53,5.825432736430965
982,982,982,982,20221112,393.72,Card,76.13,5.171680021016683
983,983,983,983,20220608,3182.81,Bank Transfer,460.05,6.918400173894142
984,984,984,984,20221001,702.99,Cash,91.65,7.67037643207856
985,985,985,985,20221125,780.88,Bank Transfer,116.7,6.691345329905741
986,986,986,986,20220221,1603.05,Card,293.64,5.459235798937475
987,987,987,987,20220127,854.75,Card,162.82,5.249662203660484
988,988,988,988,20220305,2514.96,Card,355.75,7.069458889669712
989,989,989,989,20221101,917.06,Cash,200.81,4.56680444200986
990,990,990,990,20220312,1323.49,Card,286.81,4.614518322234232
991,991,991,991,20220510,115.03,Cash,16.39,7.0183038438072
992,992,992,992,20221117,1189.62,Card,260.48,4.567030098280098
993,993,993,993,20220514,663.33,Card,115.57,5.739638314441465
994,994,994,994,20220204,1025.08,Cash,250.67,4.089360513822954
995,995,995,995,20220818,1935.47,Cash,320.35,6.041735601685656
996,996,996,996,20220117,965.15,Bank Transfer,189.3,5.098520866349709
997,997,997,997,20220130,799.56,Cash,158.19,5.054428219230039
998,998,998,998,20221022,2561.42,Bank Transfer,493.15,5.193997769441347
999,999,999,999,20220501,706.49,Cash,103.08,6.8538028715560735
1000,1000,1000,1000,20220605,115.45,Cash,21.84,5.2861721611721615
