ShipmentKey,ShipmentID,BookingID,CustomerKey,OriginCityKey,DestinationCityKey,TransportModeKey,StatusKey,BookingDateKey,ShipmentDateKey,ExpectedDeliveryDateKey,WeightKG,TransitDays
1,1,1,1,2,5,2,3,20220926,20220927,20221009,213.86,12
2,2,2,2,2,5,1,5,20221127,20221128,20221212,240.24,14
3,3,3,3,3,5,1,4,20221023,20221025,20221030,56.1,5
4,4,4,4,3,9,1,4,20220610,20220612,20220627,272.42,15
5,5,5,5,1,4,2,2,20220123,20220124,20220130,87.14,6
6,6,6,6,3,4,2,3,20220809,20220811,20220817,390.47,6
7,7,7,7,2,9,2,2,20220501,20220502,20220510,12.76,8
8,8,8,8,3,4,1,5,20220825,20220826,20220901,219.03,6
9,9,9,9,3,9,1,2,20220620,20220622,20220702,299.09,10
10,10,10,10,3,6,2,1,20220408,20220409,20220420,495.74,11
11,11,11,11,3,6,2,1,20220701,20220703,20220709,265.88,6
12,12,12,12,1,5,2,1,20220819,20220820,20220904,426.13,15
13,13,13,13,3,9,2,2,20220609,20220611,20220623,324.09,12
14,14,14,14,1,6,1,1,20221012,20221014,20221026,109.73,12
15,15,15,15,1,4,1,1,20220227,20220302,20220317,96.42,15
16,16,16,16,2,9,1,1,20220813,20220815,20220825,416.88,10
17,17,17,17,1,4,2,2,20220104,20220107,20220112,296.3,5
18,18,18,18,2,4,1,3,20220608,20220609,20220621,470.33,12
19,19,19,19,2,6,2,5,20221117,20221119,20221203,127.6,14
20,20,20,20,1,5,2,5,20221021,20221023,20221029,116.85,6
21,21,21,21,1,4,1,2,20221027,20221029,20221108,121.09,10
22,22,22,22,1,4,1,1,20220105,20220106,20220121,241.33,15
23,23,23,23,2,5,1,5,20220501,20220504,20220507,228.78,3
24,24,24,24,3,4,1,2,20220609,20220611,20220614,288.15,3
25,25,25,25,3,9,1,1,20220927,20220929,20221007,8.01,8
26,26,26,26,2,5,2,4,20221116,20221117,20221129,433.17,12
27,27,27,27,1,4,2,4,20220605,20220608,20220614,426.79,6
28,28,28,28,3,9,1,4,20221125,20221126,20221208,265.38,12
29,29,29,29,2,6,1,1,20221215,20221217,20221231,128.17,14
30,30,30,30,3,9,1,1,20220513,20220516,20220527,258.16,11
31,31,31,31,3,5,2,5,20221024,20221027,20221104,239.14,8
32,32,32,32,1,6,2,3,20220801,20220802,20220815,357.19,13
33,33,33,33,1,9,1,5,20220702,20220705,20220713,230.41,8
34,34,34,34,3,9,2,4,20220906,20220907,20220910,194.68,3
35,35,35,35,2,9,2,1,20221110,20221111,20221126,293.9,15
36,36,36,36,2,5,1,3,20221020,20221022,20221028,31.5,6
37,37,37,37,1,4,2,1,20221205,20221206,20221212,330.24,6
38,38,38,38,2,6,1,5,20220305,20220307,20220321,172.16,14
39,39,39,39,3,5,1,3,20220414,20220417,20220420,67.23,3
40,40,40,40,1,9,2,2,20220824,20220825,20220903,423.26,9
41,41,41,41,1,6,2,2,20220518,20220520,20220525,233.48,5
42,42,42,42,2,6,1,1,20220505,20220507,20220518,205.37,11
43,43,43,43,2,4,2,2,20220322,20220323,20220326,155.78,3
44,44,44,44,3,6,2,5,20220615,20220616,20220629,197.55,13
45,45,45,45,1,6,2,4,20220209,20220211,20220226,52.45,15
46,46,46,46,2,6,1,3,20221114,20221115,20221130,36.54,15
47,47,47,47,2,5,2,4,20220801,20220804,20220810,253.06,6
48,48,48,48,2,9,1,5,20220528,20220530,20220606,201.58,7
49,49,49,49,2,5,1,4,20220509,20220510,20220525,93.84,15
50,50,50,50,2,9,1,4,20220521,20220524,20220530,465.3,6
51,51,51,51,3,5,1,3,20221027,20221028,20221104,144.06,7
52,52,52,52,2,5,1,1,20220304,20220306,20220311,94.86,5
53,53,53,53,3,6,1,4,20220914,20220916,20220921,347.93,5
54,54,54,54,1,6,2,4,20220619,20220621,20220703,363.24,12
55,55,55,55,2,9,2,1,20221027,20221030,20221102,76.37,3
56,56,56,56,1,9,1,4,20221027,20221029,20221109,165.65,11
57,57,57,57,1,5,2,3,20220825,20220828,20220905,269.76,8
58,58,58,58,3,5,2,4,20221123,20221125,20221130,349.61,5
59,59,59,59,1,6,2,4,20220915,20220916,20220926,112.25,10
60,60,60,60,2,4,2,2,20221114,20221116,20221123,14.27,7
61,61,61,61,3,9,2,2,20220404,20220407,20220413,282.61,6
62,62,62,62,2,6,2,3,20221101,20221104,20221111,198.73,7
63,63,63,63,2,4,1,4,20221013,20221014,20221023,436.69,9
64,64,64,64,2,5,1,3,20220408,20220410,20220414,328.64,4
65,65,65,65,3,9,1,2,20220208,20220209,20220222,298.88,13
66,66,66,66,3,5,1,1,20220519,20220522,20220528,345.79,6
67,67,67,67,3,6,1,1,20220804,20220805,20220816,29.15,11
68,68,68,68,1,9,1,5,20220606,20220609,20220621,229.05,12
69,69,69,69,1,6,2,5,20220107,20220109,20220112,482.36,3
70,70,70,70,3,4,2,1,20221021,20221024,20221105,62.75,12
71,71,71,71,3,5,1,5,20221125,20221128,20221206,400.95,8
72,72,72,72,1,9,2,5,20220423,20220426,20220429,327.0,3
73,73,73,73,2,6,2,3,20220621,20220622,20220707,45.15,15
74,74,74,74,3,5,1,1,20221012,20221014,20221024,234.14,10
75,75,75,75,1,6,1,4,20220118,20220121,20220130,236.24,9
76,76,76,76,1,4,1,5,20221108,20221111,20221119,293.49,8
77,77,77,77,2,6,1,1,20221209,20221210,20221223,465.06,13
78,78,78,78,1,6,2,3,20220608,20220609,20220623,493.75,14
79,79,79,79,2,5,1,2,20220605,20220607,20220612,11.49,5
80,80,80,80,2,4,1,2,20220331,20220401,20220406,434.31,5
81,81,81,81,3,5,1,5,20220621,20220622,20220630,113.09,8
82,82,82,82,1,6,1,4,20220105,20220106,20220110,404.35,4
83,83,83,83,3,6,2,1,20221217,20221220,20230103,187.13,14
84,84,84,84,2,5,1,5,20220716,20220719,20220727,267.95,8
85,85,85,85,3,9,2,4,20220711,20220713,20220726,167.57,13
86,86,86,86,1,9,1,1,20220925,20220926,20221003,345.29,7
87,87,87,87,3,9,1,3,20220103,20220106,20220118,176.59,12
88,88,88,88,1,5,1,3,20220323,20220324,20220329,491.6,5
89,89,89,89,1,6,1,3,20220709,20220710,20220717,160.79,7
90,90,90,90,2,4,2,4,20220921,20220923,20221005,331.93,12
91,91,91,91,3,4,2,4,20220902,20220905,20220913,315.8,8
92,92,92,92,2,5,2,3,20221004,20221005,20221018,110.79,13
93,93,93,93,2,9,2,1,20220213,20220216,20220302,109.21,14
94,94,94,94,2,6,2,3,20220105,20220106,20220110,6.18,4
95,95,95,95,1,5,1,1,20220303,20220305,20220313,11.6,8
96,96,96,96,2,4,1,3,20220125,20220128,20220204,345.08,7
97,97,97,97,1,4,1,1,20220206,20220208,20220218,273.12,10
98,98,98,98,3,6,1,4,20221022,20221024,20221107,381.36,14
99,99,99,99,1,6,2,2,20220331,20220403,20220411,271.57,8
100,100,100,100,3,5,1,5,20220103,20220105,20220112,384.34,7
101,101,101,101,1,6,2,1,20221027,20221028,20221105,495.36,8
102,102,102,102,3,5,1,3,20221223,20221226,20230101,301.63,6
103,103,103,103,3,9,1,1,20220608,20220610,20220616,144.92,6
104,104,104,104,3,6,1,2,20220816,20220819,20220825,411.05,6
105,105,105,105,1,6,1,4,20221101,20221104,20221116,226.59,12
106,106,106,106,1,5,1,5,20220812,20220813,20220826,275.56,13
107,107,107,107,3,4,1,2,20220610,20220612,20220622,476.63,10
108,108,108,108,3,6,1,4,20220104,20220106,20220119,298.0,13
109,109,109,109,3,9,2,4,20220704,20220707,20220716,186.59,9
110,110,110,110,1,5,1,5,20220317,20220320,20220326,253.29,6
111,111,111,111,1,9,1,3,20220613,20220614,20220626,54.51,12
112,112,112,112,1,6,2,1,20221101,20221102,20221106,238.06,4
113,113,113,113,3,4,1,3,20220821,20220823,20220902,352.65,10
114,114,114,114,3,4,1,1,20220930,20221002,20221016,303.38,14
115,115,115,115,2,5,2,5,20220904,20220905,20220915,55.17,10
116,116,116,116,3,6,2,3,20221211,20221213,20221224,20.24,11
117,117,117,117,2,5,1,5,20220912,20220913,20220927,123.29,14
118,118,118,118,3,4,2,1,20221110,20221112,20221127,166.48,15
119,119,119,119,3,5,2,1,20221006,20221008,20221021,44.59,13
120,120,120,120,2,5,1,2,20220303,20220306,20220319,249.2,13
121,121,121,121,1,9,1,3,20220827,20220829,20220911,316.43,13
122,122,122,122,3,9,1,3,20220311,20220314,20220321,44.46,7
123,123,123,123,3,4,2,5,20221002,20221005,20221016,349.57,11
124,124,124,124,1,6,2,2,20220110,20220112,20220119,465.19,7
125,125,125,125,3,9,2,2,20220327,20220330,20220404,239.66,5
126,126,126,126,1,5,1,5,20220824,20220826,20220907,361.94,12
127,127,127,127,1,9,2,5,20221204,20221207,20221217,293.07,10
128,128,128,128,3,9,1,3,20221104,20221106,20221113,479.65,7
129,129,129,129,2,9,2,4,20220712,20220715,20220718,364.11,3
130,130,130,130,1,5,2,2,20220307,20220309,20220318,408.05,9
131,131,131,131,2,6,2,5,20221101,20221103,20221116,124.85,13
132,132,132,132,2,6,2,1,20221104,20221107,20221122,330.82,15
133,133,133,133,1,4,2,2,20221130,20221202,20221214,235.14,12
134,134,134,134,3,4,1,2,20220421,20220424,20220504,39.22,10
135,135,135,135,3,9,2,3,20220218,20220221,20220225,401.02,4
136,136,136,136,1,6,2,3,20220208,20220211,20220224,398.98,13
137,137,137,137,2,5,2,4,20220914,20220915,20220927,458.57,12
138,138,138,138,2,6,1,2,20220820,20220823,20220905,434.0,13
139,139,139,139,3,9,2,4,20221229,20221231,20230114,74.07,14
140,140,140,140,3,5,1,2,20220625,20220628,20220703,14.32,5
141,141,141,141,3,5,2,1,20220507,20220508,20220520,148.77,12
142,142,142,142,2,6,1,4,20221205,20221208,20221214,67.15,6
143,143,143,143,3,9,1,2,20220709,20220712,20220726,258.9,14
144,144,144,144,2,9,1,4,20220524,20220527,20220601,446.53,5
145,145,145,145,2,5,2,5,20220801,20220802,20220809,439.95,7
146,146,146,146,1,9,2,4,20220324,20220327,20220402,448.87,6
147,147,147,147,1,6,1,4,20221215,20221218,20221230,488.38,12
148,148,148,148,1,6,2,5,20220416,20220418,20220502,70.36,14
149,149,149,149,3,4,2,1,20220606,20220607,20220620,185.59,13
150,150,150,150,3,6,2,2,20220428,20220429,20220514,74.38,15
151,151,151,151,2,4,2,1,20220121,20220124,20220201,235.88,8
152,152,152,152,3,4,1,2,20221026,20221029,20221106,49.97,8
153,153,153,153,1,9,2,2,20221103,20221106,20221117,329.89,11
154,154,154,154,1,9,1,5,20221028,20221029,20221108,336.48,10
155,155,155,155,3,6,2,1,20220214,20220215,20220222,163.79,7
156,156,156,156,1,6,2,1,20220606,20220607,20220617,81.22,10
157,157,157,157,1,5,1,5,20221004,20221006,20221009,446.8,3
158,158,158,158,3,4,1,3,20220809,20220810,20220815,227.18,5
159,159,159,159,2,9,1,2,20220228,20220302,20220315,97.67,13
160,160,160,160,1,4,1,1,20221009,20221012,20221017,266.49,5
161,161,161,161,3,4,1,4,20220923,20220926,20221007,105.06,11
162,162,162,162,2,5,1,4,20220729,20220730,20220804,102.53,5
163,163,163,163,1,9,1,2,20221215,20221217,20230101,353.56,15
164,164,164,164,1,9,1,5,20220111,20220112,20220121,315.61,9
165,165,165,165,2,9,1,1,20220614,20220617,20220622,178.9,5
166,166,166,166,1,4,1,3,20220110,20220111,20220124,185.89,13
167,167,167,167,3,5,2,3,20220509,20220511,20220517,107.57,6
168,168,168,168,1,4,1,1,20220719,20220721,20220728,372.23,7
169,169,169,169,2,5,2,1,20221026,20221028,20221101,389.39,4
170,170,170,170,3,4,2,5,20220606,20220609,20220612,399.68,3
171,171,171,171,3,9,2,2,20220705,20220707,20220713,19.36,6
172,172,172,172,2,9,2,4,20221006,20221007,20221010,238.03,3
173,173,173,173,3,9,1,5,20220510,20220511,20220522,414.49,11
174,174,174,174,2,9,2,5,20220505,20220507,20220516,53.87,9
175,175,175,175,2,6,2,2,20220520,20220521,20220525,317.9,4
176,176,176,176,3,4,2,1,20220824,20220827,20220831,372.61,4
177,177,177,177,3,5,1,5,20220129,20220201,20220208,266.94,7
178,178,178,178,1,6,2,3,20220131,20220201,20220207,401.58,6
179,179,179,179,1,6,1,3,20220819,20220822,20220903,409.35,12
180,180,180,180,3,4,1,4,20221001,20221004,20221009,181.11,5
181,181,181,181,3,6,1,3,20220721,20220723,20220802,211.49,10
182,182,182,182,2,5,1,1,20220925,20220928,20221008,416.65,10
183,183,183,183,1,4,2,2,20220112,20220115,20220119,387.94,4
184,184,184,184,1,6,2,2,20220105,20220106,20220115,243.72,9
185,185,185,185,2,5,1,5,20220328,20220331,20220406,297.4,6
186,186,186,186,1,6,1,1,20220120,20220122,20220201,296.7,10
187,187,187,187,3,6,1,3,20220906,20220907,20220914,124.97,7
188,188,188,188,1,4,1,5,20220718,20220719,20220724,139.56,5
189,189,189,189,3,5,2,2,20220217,20220219,20220225,216.58,6
190,190,190,190,3,4,1,3,20220223,20220226,20220301,199.84,3
191,191,191,191,2,4,1,4,20220109,20220111,20220121,344.25,10
192,192,192,192,1,5,1,3,20220905,20220906,20220916,189.91,10
193,193,193,193,3,6,1,3,20220524,20220527,20220608,114.91,12
194,194,194,194,1,4,1,4,20221101,20221102,20221107,118.56,5
195,195,195,195,1,9,1,3,20220316,20220317,20220322,414.98,5
196,196,196,196,3,6,1,5,20221213,20221214,20221222,194.59,8
197,197,197,197,3,5,2,3,20220404,20220406,20220420,142.02,14
198,198,198,198,2,5,2,4,20221126,20221129,20221212,180.06,13
199,199,199,199,3,6,1,2,20220422,20220424,20220507,112.18,13
200,200,200,200,2,9,2,1,20220327,20220329,20220406,251.64,8
201,201,201,201,1,5,2,5,20220311,20220314,20220321,314.42,7
202,202,202,202,1,6,1,4,20221220,20221222,20230105,299.06,14
203,203,203,203,2,5,2,3,20221120,20221123,20221206,264.19,13
204,204,204,204,3,9,2,4,20221104,20221107,20221117,181.77,10
205,205,205,205,3,9,2,5,20220427,20220428,20220511,12.42,13
206,206,206,206,1,4,2,1,20221229,20221231,20230110,460.22,10
207,207,207,207,1,6,2,5,20220426,20220429,20220509,407.09,10
208,208,208,208,2,5,1,4,20220928,20220930,20221006,13.14,6
209,209,209,209,3,4,1,1,20220613,20220614,20220620,356.51,6
210,210,210,210,2,9,2,5,20220427,20220428,20220502,207.85,4
211,211,211,211,1,4,1,4,20220720,20220722,20220731,433.77,9
212,212,212,212,1,9,2,2,20220902,20220905,20220915,257.34,10
213,213,213,213,3,9,2,3,20220127,20220129,20220202,472.35,4
214,214,214,214,3,5,1,4,20220914,20220917,20220925,262.14,8
215,215,215,215,1,5,2,5,20220125,20220126,20220208,494.38,13
216,216,216,216,1,6,1,3,20220204,20220207,20220216,140.42,9
217,217,217,217,1,5,1,3,20221211,20221212,20221218,238.36,6
218,218,218,218,2,4,2,1,20221229,20230101,20230105,313.83,4
219,219,219,219,2,4,2,4,20221117,20221118,20221128,287.41,10
220,220,220,220,3,4,1,3,20220907,20220910,20220919,425.83,9
221,221,221,221,2,5,1,4,20220306,20220309,20220315,125.89,6
222,222,222,222,2,5,2,3,20220520,20220522,20220603,61.44,12
223,223,223,223,1,4,1,5,20220922,20220925,20221007,478.66,12
224,224,224,224,2,5,2,1,20220605,20220608,20220615,177.66,7
225,225,225,225,2,6,2,3,20220216,20220217,20220227,420.56,10
226,226,226,226,2,5,2,3,20220521,20220522,20220531,112.03,9
227,227,227,227,1,9,2,2,20220830,20220831,20220911,54.42,11
228,228,228,228,2,4,2,5,20220331,20220402,20220413,252.87,11
229,229,229,229,1,5,2,4,20221128,20221129,20221212,431.51,13
230,230,230,230,3,5,2,1,20220721,20220723,20220726,180.96,3
231,231,231,231,1,4,2,1,20220709,20220710,20220714,377.33,4
232,232,232,232,2,9,2,2,20220327,20220328,20220404,239.82,7
233,233,233,233,1,4,2,1,20220710,20220711,20220726,381.63,15
234,234,234,234,1,9,2,1,20220828,20220829,20220903,46.02,5
235,235,235,235,2,5,2,1,20220819,20220822,20220901,91.9,10
236,236,236,236,2,4,1,3,20220216,20220219,20220305,202.06,14
237,237,237,237,2,9,1,3,20220416,20220417,20220424,326.0,7
238,238,238,238,3,9,1,2,20220725,20220726,20220807,422.76,12
239,239,239,239,2,5,2,4,20220113,20220114,20220120,262.13,6
240,240,240,240,3,4,1,4,20220501,20220504,20220512,213.62,8
241,241,241,241,2,6,1,5,20220312,20220314,20220325,425.98,11
242,242,242,242,1,9,1,3,20221130,20221203,20221212,112.06,9
243,243,243,243,1,9,2,4,20220121,20220123,20220202,338.97,10
244,244,244,244,3,6,1,1,20220303,20220305,20220318,425.07,13
245,245,245,245,1,5,2,4,20220813,20220816,20220825,66.75,9
246,246,246,246,2,5,1,1,20220208,20220209,20220212,499.42,3
247,247,247,247,3,9,2,5,20220328,20220331,20220412,435.76,12
248,248,248,248,2,5,2,2,20221115,20221118,20221126,229.27,8
249,249,249,249,2,5,1,3,20220322,20220323,20220331,379.89,8
250,250,250,250,3,5,2,5,20220702,20220703,20220714,397.88,11
251,251,251,251,3,6,1,1,20220928,20220929,20221010,218.97,11
252,252,252,252,2,6,1,5,20221022,20221025,20221105,282.98,11
253,253,253,253,1,4,1,3,20220305,20220306,20220319,77.19,13
254,254,254,254,3,6,1,2,20220604,20220607,20220620,9.8,13
255,255,255,255,2,6,1,5,20220325,20220328,20220410,492.59,13
256,256,256,256,3,6,1,4,20221204,20221205,20221211,460.48,6
257,257,257,257,1,6,2,2,20221017,20221019,20221102,399.27,14
258,258,258,258,1,5,2,2,20220303,20220304,20220309,5.37,5
259,259,259,259,1,9,2,5,20221223,20221224,20221231,320.15,7
260,260,260,260,2,6,1,3,20220521,20220524,20220601,87.13,8
261,261,261,261,2,4,1,4,20221027,20221029,20221109,9.7,11
262,262,262,262,3,6,2,4,20220803,20220805,20220814,253.37,9
263,263,263,263,1,6,2,2,20221008,20221011,20221021,472.08,10
264,264,264,264,1,4,1,1,20220310,20220312,20220326,157.79,14
265,265,265,265,2,6,1,3,20220411,20220413,20220425,203.97,12
266,266,266,266,2,4,1,5,20220914,20220916,20220930,449.26,14
267,267,267,267,1,5,1,5,20220721,20220724,20220805,242.05,12
268,268,268,268,3,9,2,4,20220708,20220710,20220715,365.97,5
269,269,269,269,3,5,1,3,20221015,20221017,20221020,317.02,3
270,270,270,270,1,6,1,3,20221120,20221121,20221130,383.95,9
271,271,271,271,1,6,1,4,20220110,20220113,20220124,442.89,11
272,272,272,272,2,5,1,2,20220318,20220320,20220401,494.39,12
273,273,273,273,1,4,2,5,20220320,20220323,20220405,262.14,13
274,274,274,274,2,9,1,4,20221030,20221101,20221114,93.02,13
275,275,275,275,3,4,2,1,20221201,20221204,20221212,450.12,8
276,276,276,276,3,9,2,2,20220221,20220223,20220309,125.49,14
277,277,277,277,2,5,2,3,20221020,20221021,20221103,34.88,13
278,278,278,278,2,5,1,2,20220702,20220705,20220716,78.38,11
279,279,279,279,3,5,1,5,20220113,20220114,20220128,95.43,14
280,280,280,280,3,5,1,3,20220819,20220821,20220825,390.36,4
281,281,281,281,1,9,1,1,20220419,20220421,20220426,115.65,5
282,282,282,282,2,9,2,1,20220924,20220927,20221010,163.12,13
283,283,283,283,3,9,1,4,20220715,20220716,20220719,135.92,3
284,284,284,284,2,6,2,2,20220629,20220630,20220704,177.88,4
285,285,285,285,1,5,2,2,20220824,20220825,20220909,422.7,15
286,286,286,286,3,5,2,1,20220521,20220522,20220606,256.31,15
287,287,287,287,3,5,1,2,20220630,20220702,20220716,236.84,14
288,288,288,288,3,6,1,1,20220914,20220916,20220923,17.61,7
289,289,289,289,2,4,1,5,20220617,20220619,20220627,426.28,8
290,290,290,290,2,6,1,3,20220214,20220217,20220225,434.92,8
291,291,291,291,1,5,2,4,20220121,20220124,20220207,276.31,14
292,292,292,292,3,6,1,1,20221004,20221007,20221016,18.61,9
293,293,293,293,1,5,2,2,20220702,20220705,20220716,187.83,11
294,294,294,294,1,4,2,5,20220202,20220205,20220208,178.31,3
295,295,295,295,2,5,2,4,20221130,20221201,20221206,401.6,5
296,296,296,296,2,5,1,1,20221229,20230101,20230106,227.82,5
297,297,297,297,3,6,2,3,20221230,20230102,20230110,240.41,8
298,298,298,298,2,9,1,3,20220314,20220315,20220319,56.87,4
299,299,299,299,2,5,1,2,20220918,20220920,20220930,177.92,10
300,300,300,300,1,5,1,3,20220701,20220704,20220716,386.92,12
301,301,301,301,2,4,1,1,20220513,20220515,20220525,433.44,10
302,302,302,302,1,4,1,4,20221103,20221104,20221107,453.82,3
303,303,303,303,1,6,1,5,20220314,20220316,20220331,277.94,15
304,304,304,304,3,4,2,2,20220308,20220311,20220320,226.9,9
305,305,305,305,1,9,2,1,20220525,20220528,20220601,489.53,4
306,306,306,306,3,9,1,3,20220610,20220613,20220626,58.96,13
307,307,307,307,2,9,2,4,20220617,20220620,20220629,271.77,9
308,308,308,308,3,6,1,3,20220626,20220628,20220709,449.74,11
309,309,309,309,3,5,1,5,20221012,20221013,20221019,194.94,6
310,310,310,310,3,6,1,4,20221025,20221028,20221111,275.31,14
311,311,311,311,3,5,2,4,20220829,20220830,20220906,63.27,7
312,312,312,312,3,9,2,3,20221121,20221124,20221127,48.73,3
313,313,313,313,2,6,1,1,20220715,20220718,20220728,46.33,10
314,314,314,314,2,5,1,3,20220224,20220225,20220306,40.23,9
315,315,315,315,2,4,2,5,20221212,20221214,20221219,85.93,5
316,316,316,316,1,6,2,5,20220303,20220306,20220318,60.59,12
317,317,317,317,3,9,1,3,20220830,20220831,20220910,332.07,10
318,318,318,318,2,6,2,5,20221205,20221208,20221211,406.19,3
319,319,319,319,1,9,2,3,20220331,20220402,20220417,211.93,15
320,320,320,320,1,6,1,1,20220814,20220817,20220825,163.51,8
321,321,321,321,1,4,2,5,20221223,20221226,20230104,398.11,9
322,322,322,322,3,6,2,2,20220513,20220515,20220518,448.63,3
323,323,323,323,1,6,1,1,20220331,20220401,20220409,353.55,8
324,324,324,324,2,9,2,2,20221201,20221204,20221216,119.5,12
325,325,325,325,2,6,2,1,20221111,20221113,20221120,338.02,7
326,326,326,326,3,9,1,5,20220613,20220614,20220626,418.16,12
327,327,327,327,1,5,1,4,20220515,20220518,20220522,390.88,4
328,328,328,328,1,9,2,5,20220915,20220918,20220925,260.33,7
329,329,329,329,3,4,2,4,20220816,20220817,20220825,323.9,8
330,330,330,330,3,5,1,4,20220601,20220602,20220612,359.4,10
331,331,331,331,3,5,2,4,20221215,20221217,20221221,359.89,4
332,332,332,332,3,9,2,2,20220721,20220722,20220728,15.96,6
333,333,333,333,2,6,2,1,20220626,20220627,20220702,222.31,5
334,334,334,334,1,4,2,5,20221116,20221117,20221126,111.21,9
335,335,335,335,1,4,1,3,20220816,20220819,20220829,18.17,10
336,336,336,336,3,6,2,2,20221108,20221111,20221124,141.03,13
337,337,337,337,3,4,1,1,20220416,20220419,20220424,447.84,5
338,338,338,338,2,9,2,1,20221015,20221017,20221030,398.41,13
339,339,339,339,1,5,1,3,20220805,20220806,20220810,253.98,4
340,340,340,340,2,6,1,2,20220901,20220904,20220912,191.44,8
341,341,341,341,3,6,2,3,20220507,20220508,20220513,291.02,5
342,342,342,342,2,5,2,5,20220630,20220702,20220708,279.19,6
343,343,343,343,3,9,2,2,20221019,20221022,20221029,486.57,7
344,344,344,344,3,9,1,4,20220322,20220324,20220401,132.41,8
345,345,345,345,2,5,2,4,20220917,20220919,20221003,87.87,14
346,346,346,346,2,9,2,5,20220405,20220408,20220414,179.65,6
347,347,347,347,3,9,2,1,20220523,20220525,20220608,432.51,14
348,348,348,348,2,5,2,1,20221117,20221120,20221123,286.23,3
349,349,349,349,1,5,1,4,20220121,20220122,20220131,208.53,9
350,350,350,350,1,5,2,3,20220330,20220401,20220407,205.5,6
351,351,351,351,3,5,1,5,20220929,20221002,20221013,216.18,11
352,352,352,352,3,6,1,2,20220917,20220920,20220927,130.51,7
353,353,353,353,2,4,2,4,20221117,20221119,20221125,90.97,6
354,354,354,354,2,4,1,1,20220529,20220530,20220608,84.55,9
355,355,355,355,2,6,1,2,20220417,20220419,20220425,449.21,6
356,356,356,356,1,4,1,1,20220331,20220402,20220417,389.89,15
357,357,357,357,2,4,1,4,20220529,20220530,20220603,105.66,4
358,358,358,358,1,4,2,1,20220331,20220401,20220408,174.05,7
359,359,359,359,1,9,1,1,20220407,20220408,20220421,28.44,13
360,360,360,360,3,4,1,1,20220517,20220518,20220526,417.16,8
361,361,361,361,1,5,1,4,20220129,20220130,20220206,64.63,7
362,362,362,362,2,4,2,4,20220501,20220503,20220512,165.42,9
363,363,363,363,1,9,2,1,20220722,20220723,20220807,268.49,15
364,364,364,364,2,4,1,5,20221223,20221226,20230107,108.52,12
365,365,365,365,1,5,1,1,20220209,20220210,20220214,464.58,4
366,366,366,366,1,5,2,4,20220411,20220414,20220419,144.26,5
367,367,367,367,3,6,2,3,20220606,20220607,20220621,190.85,14
368,368,368,368,1,5,2,2,20220419,20220422,20220505,77.35,13
369,369,369,369,1,6,1,1,20220304,20220307,20220310,372.36,3
370,370,370,370,2,5,2,5,20221215,20221216,20221223,264.06,7
371,371,371,371,1,9,2,4,20220317,20220318,20220328,372.1,10
372,372,372,372,3,5,1,3,20220501,20220502,20220510,309.43,8
373,373,373,373,2,4,1,5,20220624,20220625,20220704,227.51,9
374,374,374,374,3,9,1,5,20220627,20220628,20220704,457.16,6
375,375,375,375,2,9,1,3,20220907,20220910,20220918,85.71,8
376,376,376,376,2,9,1,4,20220519,20220520,20220524,292.93,4
377,377,377,377,2,9,2,2,20220805,20220808,20220819,233.1,11
378,378,378,378,3,5,1,2,20220113,20220115,20220128,493.07,13
379,379,379,379,3,5,2,4,20221017,20221018,20221023,358.4,5
380,380,380,380,3,5,2,3,20220616,20220618,20220625,189.42,7
381,381,381,381,2,4,1,5,20220218,20220220,20220302,104.95,10
382,382,382,382,2,6,2,2,20221112,20221115,20221124,277.07,9
383,383,383,383,3,9,2,2,20221122,20221125,20221204,309.45,9
384,384,384,384,2,9,2,1,20221129,20221202,20221206,59.99,4
385,385,385,385,2,5,2,4,20221230,20230101,20230109,215.79,8
386,386,386,386,3,6,1,5,20220523,20220526,20220605,249.25,10
387,387,387,387,1,9,1,4,20220725,20220728,20220808,333.57,11
388,388,388,388,1,5,1,4,20220829,20220831,20220907,440.89,7
389,389,389,389,1,9,1,5,20220202,20220203,20220218,494.18,15
390,390,390,390,3,9,1,4,20220824,20220825,20220901,68.32,7
391,391,391,391,1,4,1,5,20220311,20220312,20220319,63.56,7
392,392,392,392,3,6,1,5,20220816,20220818,20220831,17.44,13
393,393,393,393,1,6,2,5,20220202,20220205,20220215,73.86,10
394,394,394,394,2,4,2,4,20221227,20221229,20230113,337.52,15
395,395,395,395,1,4,2,3,20220327,20220329,20220410,164.88,12
396,396,396,396,3,6,2,4,20220906,20220908,20220913,319.77,5
397,397,397,397,3,5,1,3,20220118,20220120,20220124,188.36,4
398,398,398,398,3,6,1,1,20221122,20221123,20221127,137.9,4
399,399,399,399,3,5,2,5,20220614,20220615,20220618,71.32,3
400,400,400,400,2,4,1,5,20220617,20220620,20220624,136.76,4
401,401,401,401,1,4,1,5,20221211,20221213,20221222,497.24,9
402,402,402,402,1,4,1,4,20220412,20220415,20220424,188.0,9
403,403,403,403,2,9,2,1,20220425,20220427,20220503,175.59,6
404,404,404,404,1,4,1,2,20221023,20221024,20221030,457.85,6
405,405,405,405,1,4,1,2,20221104,20221106,20221112,24.89,6
406,406,406,406,1,9,1,1,20220805,20220808,20220815,154.39,7
407,407,407,407,2,5,2,5,20221201,20221203,20221216,390.7,13
408,408,408,408,1,5,2,2,20220409,20220412,20220418,315.22,6
409,409,409,409,2,9,1,5,20221022,20221024,20221030,233.67,6
410,410,410,410,1,5,2,5,20220904,20220905,20220913,238.88,8
411,411,411,411,2,5,1,4,20221229,20221230,20230105,226.48,6
412,412,412,412,2,6,2,5,20221229,20221230,20230114,416.83,15
413,413,413,413,3,4,2,5,20220116,20220117,20220130,392.84,13
414,414,414,414,1,5,1,1,20220216,20220219,20220228,19.48,9
415,415,415,415,1,9,1,1,20221123,20221126,20221209,421.58,13
416,416,416,416,1,4,1,5,20221017,20221020,20221026,111.94,6
417,417,417,417,3,4,1,1,20220609,20220611,20220626,433.59,15
418,418,418,418,1,4,2,4,20221101,20221104,20221117,350.18,13
419,419,419,419,1,4,2,3,20220324,20220327,20220330,425.82,3
420,420,420,420,1,4,1,4,20221205,20221208,20221216,77.03,8
421,421,421,421,3,6,1,4,20221127,20221130,20221211,224.6,11
422,422,422,422,3,6,1,4,20220503,20220506,20220518,43.83,12
423,423,423,423,3,9,1,5,20220131,20220202,20220209,351.6,7
424,424,424,424,1,4,2,4,20221205,20221208,20221212,457.17,4
425,425,425,425,2,9,1,1,20220130,20220202,20220209,451.54,7
426,426,426,426,3,9,2,3,20221106,20221109,20221123,253.42,14
427,427,427,427,3,6,1,2,20220312,20220315,20220328,376.18,13
428,428,428,428,1,5,1,3,20220523,20220524,20220604,250.49,11
429,429,429,429,1,5,2,2,20220613,20220616,20220626,425.39,10
430,430,430,430,1,9,1,3,20221004,20221007,20221019,50.03,12
431,431,431,431,1,4,2,3,20220520,20220523,20220607,310.23,15
432,432,432,432,1,6,1,1,20220609,20220612,20220625,255.45,13
433,433,433,433,2,5,2,4,20220608,20220611,20220615,75.85,4
434,434,434,434,3,9,1,5,20221026,20221028,20221110,325.69,13
435,435,435,435,1,9,1,2,20220105,20220106,20220110,137.14,4
436,436,436,436,2,6,1,1,20221223,20221225,20221230,161.83,5
437,437,437,437,1,6,2,1,20221023,20221024,20221102,251.29,9
438,438,438,438,1,9,2,2,20220423,20220426,20220504,240.9,8
439,439,439,439,1,4,2,1,20221209,20221212,20221224,105.61,12
440,440,440,440,1,6,1,3,20220710,20220711,20220716,340.7,5
441,441,441,441,2,6,1,3,20220913,20220914,20220923,112.13,9
442,442,442,442,2,4,2,2,20220605,20220607,20220617,122.2,10
443,443,443,443,3,6,1,5,20220628,20220629,20220702,456.55,3
444,444,444,444,3,5,1,2,20220515,20220517,20220520,256.45,3
445,445,445,445,1,5,1,3,20220117,20220119,20220131,8.16,12
446,446,446,446,3,6,1,3,20220214,20220215,20220228,383.22,13
447,447,447,447,3,5,1,1,20221101,20221103,20221108,346.55,5
448,448,448,448,3,4,1,1,20220912,20220915,20220930,307.18,15
449,449,449,449,1,9,2,1,20220621,20220624,20220708,379.2,14
450,450,450,450,1,5,2,4,20220415,20220417,20220428,384.45,11
451,451,451,451,3,5,1,1,20220630,20220702,20220717,404.38,15
452,452,452,452,1,9,2,5,20220312,20220315,20220322,479.97,7
453,453,453,453,3,4,1,4,20220620,20220623,20220627,440.03,4
454,454,454,454,1,9,2,1,20220921,20220924,20221006,246.71,12
455,455,455,455,2,5,1,1,20220519,20220520,20220603,16.88,14
456,456,456,456,1,9,2,5,20220816,20220817,20220821,297.04,4
457,457,457,457,1,9,2,1,20221129,20221202,20221207,339.66,5
458,458,458,458,2,9,2,3,20220302,20220305,20220318,96.62,13
459,459,459,459,2,6,2,2,20220913,20220916,20220924,266.09,8
460,460,460,460,2,9,2,4,20220807,20220810,20220818,202.58,8
461,461,461,461,2,5,2,4,20221103,20221106,20221110,424.32,4
462,462,462,462,3,9,1,2,20220719,20220720,20220803,377.61,14
463,463,463,463,1,5,2,3,20220123,20220126,20220201,201.47,6
464,464,464,464,2,5,1,3,20220828,20220831,20220913,493.02,13
465,465,465,465,3,5,2,4,20221119,20221120,20221130,295.16,10
466,466,466,466,1,4,1,2,20220508,20220510,20220524,324.61,14
467,467,467,467,3,5,1,4,20221113,20221114,20221121,432.48,7
468,468,468,468,3,6,1,5,20220404,20220407,20220419,39.01,12
469,469,469,469,3,4,1,2,20220601,20220604,20220608,366.54,4
470,470,470,470,3,5,2,2,20220726,20220729,20220803,12.91,5
471,471,471,471,2,6,1,5,20220714,20220716,20220723,446.77,7
472,472,472,472,2,4,1,2,20220715,20220718,20220802,227.2,15
473,473,473,473,1,6,2,4,20220704,20220706,20220719,32.12,13
474,474,474,474,1,5,1,4,20220120,20220123,20220207,134.81,15
475,475,475,475,3,5,1,5,20221210,20221211,20221226,135.48,15
476,476,476,476,2,5,2,5,20220224,20220226,20220310,68.55,12
477,477,477,477,3,9,1,3,20220921,20220924,20221007,114.62,13
478,478,478,478,3,6,2,1,20220129,20220201,20220211,194.2,10
479,479,479,479,3,6,1,3,20220901,20220904,20220916,37.41,12
480,480,480,480,2,6,1,4,20220615,20220617,20220627,429.06,10
481,481,481,481,2,6,1,5,20220214,20220215,20220301,399.03,14
482,482,482,482,1,6,2,2,20220814,20220815,20220818,27.53,3
483,483,483,483,2,9,2,1,20220118,20220120,20220201,330.31,12
484,484,484,484,2,5,1,1,20220401,20220403,20220418,317.56,15
485,485,485,485,2,5,2,5,20220919,20220922,20220927,161.73,5
486,486,486,486,1,5,1,3,20220613,20220615,20220627,64.61,12
487,487,487,487,2,6,2,2,20220602,20220603,20220612,209.57,9
488,488,488,488,2,6,1,4,20220511,20220513,20220528,291.3,15
489,489,489,489,2,6,1,2,20220322,20220325,20220403,478.2,9
490,490,490,490,3,4,2,5,20220331,20220403,20220417,348.58,14
491,491,491,491,1,5,2,4,20220820,20220822,20220904,80.39,13
492,492,492,492,1,5,2,3,20220129,20220131,20220212,442.63,12
493,493,493,493,2,5,2,1,20220515,20220518,20220530,164.72,12
494,494,494,494,1,4,1,4,20220303,20220304,20220318,122.53,14
495,495,495,495,1,4,2,3,20221217,20221218,20221221,223.18,3
496,496,496,496,1,9,2,4,20220809,20220811,20220824,27.64,13
497,497,497,497,2,4,1,5,20220726,20220729,20220804,182.28,6
498,498,498,498,2,6,1,4,20220516,20220519,20220526,86.49,7
499,499,499,499,3,4,1,3,20221011,20221013,20221018,495.43,5
500,500,500,500,3,5,1,2,20220105,20220108,20220113,13.2,5
501,501,501,501,2,5,1,4,20220607,20220608,20220620,273.02,12
502,502,502,502,2,9,1,4,20220428,20220429,20220502,259.13,3
503,503,503,503,2,9,1,4,20220605,20220608,20220615,442.63,7
504,504,504,504,2,4,2,5,20220112,20220113,20220118,288.16,5
505,505,505,505,2,9,2,2,20220322,20220325,20220402,235.24,8
506,506,506,506,3,6,1,1,20220305,20220307,20220321,134.24,14
507,507,507,507,3,5,1,3,20220910,20220911,20220919,186.8,8
508,508,508,508,3,9,2,5,20220613,20220614,20220625,60.7,11
509,509,509,509,3,9,1,2,20221118,20221119,20221201,302.66,12
510,510,510,510,3,6,2,1,20220719,20220722,20220727,328.29,5
511,511,511,511,2,6,2,2,20220514,20220517,20220527,385.05,10
512,512,512,512,2,4,1,4,20220401,20220402,20220405,481.35,3
513,513,513,513,3,9,2,2,20220228,20220301,20220316,152.89,15
514,514,514,514,1,6,2,2,20220608,20220610,20220617,393.99,7
515,515,515,515,1,6,2,1,20220412,20220414,20220423,59.28,9
516,516,516,516,2,9,1,5,20221101,20221102,20221106,445.82,4
517,517,517,517,2,5,2,5,20220112,20220115,20220125,333.66,10
518,518,518,518,2,9,1,3,20220701,20220704,20220711,280.59,7
519,519,519,519,2,9,1,3,20220507,20220509,20220512,163.16,3
520,520,520,520,2,6,1,4,20220311,20220314,20220320,362.43,6
521,521,521,521,2,5,2,2,20220712,20220714,20220719,327.09,5
522,522,522,522,1,5,1,1,20220208,20220209,20220220,481.92,11
523,523,523,523,2,5,2,4,20221108,20221111,20221118,309.08,7
524,524,524,524,2,4,1,1,20220629,20220702,20220708,184.69,6
525,525,525,525,3,6,2,3,20221108,20221110,20221118,240.4,8
526,526,526,526,3,5,2,1,20220822,20220823,20220902,318.11,10
527,527,527,527,2,9,1,5,20220506,20220507,20220520,355.53,13
528,528,528,528,2,5,1,4,20220815,20220817,20220901,105.76,15
529,529,529,529,1,9,2,3,20221215,20221217,20221229,332.28,12
530,530,530,530,2,4,1,3,20221009,20221011,20221017,475.59,6
531,531,531,531,2,5,2,2,20220709,20220712,20220722,47.43,10
532,532,532,532,3,4,1,1,20221008,20221011,20221017,331.45,6
533,533,533,533,1,9,1,1,20220727,20220729,20220812,377.67,14
534,534,534,534,2,4,1,1,20220109,20220110,20220121,90.71,11
535,535,535,535,2,5,1,5,20220131,20220201,20220207,448.29,6
536,536,536,536,2,4,2,5,20220430,20220501,20220510,130.58,9
537,537,537,537,1,4,2,4,20220902,20220904,20220909,56.58,5
538,538,538,538,3,9,2,2,20220915,20220916,20220925,78.81,9
539,539,539,539,1,5,1,3,20221012,20221015,20221028,464.67,13
540,540,540,540,1,4,1,3,20220403,20220404,20220414,435.92,10
541,541,541,541,3,5,1,3,20221210,20221213,20221223,88.57,10
542,542,542,542,2,5,2,3,20220329,20220331,20220406,458.18,6
543,543,543,543,2,4,2,4,20220924,20220927,20221005,497.17,8
544,544,544,544,2,5,1,1,20221104,20221106,20221120,132.36,14
545,545,545,545,1,6,1,3,20220217,20220219,20220306,449.18,15
546,546,546,546,2,9,1,2,20221009,20221011,20221014,86.51,3
547,547,547,547,3,6,1,5,20221106,20221108,20221120,157.69,12
548,548,548,548,3,6,2,2,20221025,20221028,20221111,348.82,14
549,549,549,549,1,6,2,4,20220713,20220716,20220725,251.38,9
550,550,550,550,2,9,1,3,20220906,20220909,20220920,337.08,11
551,551,551,551,1,5,1,5,20221212,20221213,20221225,341.71,12
552,552,552,552,2,9,1,3,20221130,20221202,20221214,340.78,12
553,553,553,553,1,6,1,3,20221114,20221115,20221124,265.0,9
554,554,554,554,1,9,1,3,20220123,20220126,20220205,150.3,10
555,555,555,555,2,6,1,1,20220525,20220526,20220531,92.08,5
556,556,556,556,2,4,1,1,20220801,20220803,20220815,298.36,12
557,557,557,557,1,6,2,1,20220112,20220114,20220126,412.32,12
558,558,558,558,1,6,2,4,20220927,20220928,20221013,6.29,15
559,559,559,559,2,9,1,4,20221205,20221207,20221217,294.09,10
560,560,560,560,1,9,2,2,20220805,20220808,20220811,427.06,3
561,561,561,561,1,4,1,5,20220806,20220809,20220822,65.86,13
562,562,562,562,1,9,2,5,20221120,20221121,20221124,237.28,3
563,563,563,563,3,4,1,4,20220101,20220104,20220119,299.57,15
564,564,564,564,1,5,2,2,20220314,20220315,20220319,102.73,4
565,565,565,565,2,4,2,1,20220416,20220417,20220501,210.91,14
566,566,566,566,2,6,2,5,20220711,20220713,20220719,428.23,6
567,567,567,567,1,6,1,3,20220727,20220729,20220807,66.84,9
568,568,568,568,2,4,2,1,20220308,20220310,20220324,336.94,14
569,569,569,569,1,6,1,2,20221017,20221019,20221024,102.98,5
570,570,570,570,2,9,2,5,20220912,20220915,20220930,381.12,15
571,571,571,571,2,6,1,4,20221201,20221202,20221217,453.68,15
572,572,572,572,3,5,1,1,20221031,20221102,20221108,393.61,6
573,573,573,573,1,5,1,5,20220830,20220902,20220916,374.78,14
574,574,574,574,3,9,1,2,20220816,20220819,20220830,106.34,11
575,575,575,575,2,5,2,4,20221117,20221119,20221202,481.7,13
576,576,576,576,1,6,2,1,20220225,20220227,20220304,416.31,5
577,577,577,577,2,5,2,4,20220808,20220809,20220815,145.93,6
578,578,578,578,2,6,2,5,20220420,20220423,20220502,111.29,9
579,579,579,579,2,6,1,3,20220108,20220111,20220115,101.47,4
580,580,580,580,2,5,2,1,20220612,20220614,20220625,438.79,11
581,581,581,581,3,6,1,5,20220426,20220429,20220505,229.37,6
582,582,582,582,3,4,2,3,20220514,20220515,20220530,351.06,15
583,583,583,583,1,6,2,5,20220719,20220720,20220802,469.03,13
584,584,584,584,3,6,2,2,20220110,20220111,20220117,307.8,6
585,585,585,585,1,5,1,1,20220127,20220129,20220210,443.78,12
586,586,586,586,2,4,2,4,20220718,20220721,20220803,353.51,13
587,587,587,587,1,6,1,3,20221019,20221021,20221031,223.43,10
588,588,588,588,1,6,2,3,20220609,20220612,20220617,414.36,5
589,589,589,589,3,6,2,3,20220628,20220701,20220705,26.0,4
590,590,590,590,2,6,2,2,20220708,20220711,20220726,129.87,15
591,591,591,591,1,9,2,4,20220921,20220924,20221007,226.65,13
592,592,592,592,1,9,2,2,20220703,20220704,20220717,245.76,13
593,593,593,593,3,5,1,4,20220829,20220901,20220916,8.43,15
594,594,594,594,1,5,1,1,20220617,20220618,20220622,114.47,4
595,595,595,595,1,6,1,5,20220617,20220620,20220623,11.87,3
596,596,596,596,1,6,2,5,20220125,20220128,20220207,451.78,10
597,597,597,597,2,5,2,4,20220318,20220321,20220404,463.77,14
598,598,598,598,2,6,2,3,20221223,20221226,20230104,309.88,9
599,599,599,599,2,5,1,3,20220127,20220128,20220205,429.49,8
600,600,600,600,2,4,2,5,20221029,20221030,20221104,152.68,5
601,601,601,601,1,5,1,5,20220310,20220313,20220327,23.71,14
602,602,602,602,2,6,2,3,20221116,20221117,20221123,475.2,6
603,603,603,603,3,5,2,4,20220119,20220121,20220203,325.15,13
604,604,604,604,3,9,1,5,20220416,20220419,20220502,390.53,13
605,605,605,605,3,5,1,2,20220310,20220311,20220317,188.8,6
606,606,606,606,1,9,1,5,20220501,20220504,20220508,262.47,4
607,607,607,607,2,4,1,1,20220712,20220715,20220718,54.14,3
608,608,608,608,3,9,2,5,20220123,20220126,20220203,341.48,8
609,609,609,609,1,6,2,2,20220801,20220804,20220815,7.97,11
610,610,610,610,3,9,1,4,20220109,20220111,20220114,347.04,3
611,611,611,611,3,4,1,5,20220716,20220717,20220729,258.67,12
612,612,612,612,3,4,1,5,20221020,20221021,20221026,497.05,5
613,613,613,613,2,4,2,5,20220902,20220903,20220917,89.84,14
614,614,614,614,1,5,2,3,20220531,20220601,20220610,405.4,9
615,615,615,615,2,4,1,4,20220825,20220827,20220904,194.47,8
616,616,616,616,3,5,1,3,20220331,20220403,20220407,245.27,4
617,617,617,617,2,9,1,2,20220727,20220728,20220807,5.71,10
618,618,618,618,2,6,2,1,20220830,20220901,20220910,280.37,9
619,619,619,619,3,9,2,5,20220619,20220621,20220627,436.99,6
620,620,620,620,1,9,1,4,20220524,20220525,20220605,348.98,11
621,621,621,621,1,4,2,3,20221112,20221113,20221123,273.04,10
622,622,622,622,1,6,2,3,20220430,20220503,20220516,198.1,13
623,623,623,623,3,9,1,1,20221227,20221230,20230109,14.07,10
624,624,624,624,3,9,1,2,20220128,20220129,20220203,455.89,5
625,625,625,625,3,6,2,4,20220605,20220607,20220614,476.6,7
626,626,626,626,3,6,2,2,20220805,20220808,20220814,100.22,6
627,627,627,627,2,5,1,2,20220527,20220530,20220614,382.62,15
628,628,628,628,1,4,1,4,20220520,20220523,20220605,211.5,13
629,629,629,629,1,6,2,1,20220312,20220314,20220319,243.56,5
630,630,630,630,3,9,1,4,20220712,20220713,20220719,39.67,6
631,631,631,631,3,6,2,1,20221204,20221206,20221214,403.86,8
632,632,632,632,2,4,1,4,20221130,20221201,20221205,227.06,4
633,633,633,633,1,5,1,3,20220816,20220817,20220820,452.11,3
634,634,634,634,2,9,2,4,20220123,20220126,20220201,435.68,6
635,635,635,635,1,5,1,2,20220405,20220406,20220412,278.47,6
636,636,636,636,2,4,1,3,20220609,20220610,20220616,126.65,6
637,637,637,637,2,5,2,5,20220507,20220508,20220512,97.9,4
638,638,638,638,2,6,2,4,20220202,20220204,20220213,167.62,9
639,639,639,639,1,4,2,3,20221102,20221105,20221111,157.27,6
640,640,640,640,3,9,2,4,20220213,20220214,20220220,148.77,6
641,641,641,641,1,9,2,2,20220902,20220904,20220916,134.1,12
642,642,642,642,3,9,2,4,20221227,20221230,20230103,337.86,4
643,643,643,643,1,4,2,2,20220306,20220307,20220310,445.45,3
644,644,644,644,3,5,2,4,20220429,20220501,20220504,162.03,3
645,645,645,645,1,9,2,2,20220301,20220303,20220314,310.23,11
646,646,646,646,2,9,1,1,20220206,20220208,20220222,430.18,14
647,647,647,647,3,9,1,5,20221220,20221221,20230103,128.71,13
648,648,648,648,3,4,1,1,20220806,20220807,20220819,67.08,12
649,649,649,649,3,6,2,1,20220721,20220724,20220727,488.74,3
650,650,650,650,1,9,2,2,20221006,20221009,20221019,86.77,10
651,651,651,651,3,5,1,1,20220624,20220627,20220707,175.26,10
652,652,652,652,1,9,2,3,20220602,20220605,20220620,179.9,15
653,653,653,653,1,5,2,5,20220414,20220415,20220421,150.06,6
654,654,654,654,1,6,2,5,20220314,20220315,20220326,391.69,11
655,655,655,655,3,9,1,3,20220727,20220728,20220801,270.71,4
656,656,656,656,3,6,2,2,20221201,20221203,20221214,498.35,11
657,657,657,657,2,6,2,2,20221114,20221117,20221121,293.03,4
658,658,658,658,2,6,1,4,20220911,20220913,20220921,412.39,8
659,659,659,659,1,4,1,1,20220320,20220323,20220405,437.92,13
660,660,660,660,1,6,2,3,20220514,20220515,20220529,75.38,14
661,661,661,661,2,9,1,1,20220123,20220124,20220131,479.34,7
662,662,662,662,1,9,2,1,20221027,20221029,20221104,484.89,6
663,663,663,663,1,5,1,5,20220906,20220908,20220923,110.1,15
664,664,664,664,3,4,1,5,20220614,20220617,20220624,493.58,7
665,665,665,665,1,5,1,3,20221217,20221218,20221227,367.77,9
666,666,666,666,3,6,2,2,20220806,20220808,20220811,472.93,3
667,667,667,667,3,6,2,2,20221125,20221127,20221209,496.23,12
668,668,668,668,3,9,2,2,20221129,20221130,20221207,150.18,7
669,669,669,669,1,6,2,5,20220429,20220501,20220514,435.85,13
670,670,670,670,3,6,1,1,20220815,20220818,20220826,192.69,8
671,671,671,671,2,9,2,1,20221029,20221101,20221110,324.55,9
672,672,672,672,2,4,2,2,20220704,20220705,20220708,404.47,3
673,673,673,673,3,9,1,5,20220805,20220807,20220816,248.69,9
674,674,674,674,2,6,2,5,20221114,20221116,20221127,155.81,11
675,675,675,675,3,4,2,5,20221015,20221018,20221024,331.29,6
676,676,676,676,3,4,1,1,20220202,20220204,20220209,310.13,5
677,677,677,677,3,4,1,4,20221009,20221012,20221023,464.44,11
678,678,678,678,1,4,2,4,20220902,20220903,20220908,381.27,5
679,679,679,679,2,5,2,2,20220722,20220725,20220730,281.51,5
680,680,680,680,2,6,1,2,20221017,20221020,20221031,210.11,11
681,681,681,681,3,9,1,5,20221126,20221129,20221212,431.32,13
682,682,682,682,2,5,1,1,20220504,20220505,20220514,408.95,9
683,683,683,683,2,9,1,2,20220525,20220528,20220609,373.47,12
684,684,684,684,2,5,1,4,20221231,20230101,20230111,284.57,10
685,685,685,685,1,5,2,1,20220312,20220315,20220322,442.54,7
686,686,686,686,3,4,1,5,20220123,20220125,20220203,334.4,9
687,687,687,687,3,5,1,4,20221218,20221220,20230104,357.0,15
688,688,688,688,3,6,1,3,20220730,20220801,20220811,239.4,10
689,689,689,689,3,5,1,2,20220307,20220308,20220311,284.81,3
690,690,690,690,2,4,2,1,20220117,20220119,20220201,273.97,13
691,691,691,691,3,9,2,4,20220218,20220219,20220301,179.95,10
692,692,692,692,1,6,1,5,20220331,20220401,20220407,72.6,6
693,693,693,693,2,4,1,4,20220524,20220525,20220605,39.16,11
694,694,694,694,2,5,2,2,20220308,20220311,20220326,347.5,15
695,695,695,695,3,6,1,3,20220110,20220113,20220118,148.32,5
696,696,696,696,1,9,1,5,20220521,20220523,20220604,175.02,12
697,697,697,697,3,4,1,1,20220208,20220211,20220223,186.16,12
698,698,698,698,3,6,2,5,20220131,20220201,20220215,399.24,14
699,699,699,699,3,9,1,1,20220924,20220926,20221010,78.45,14
700,700,700,700,1,4,1,3,20220628,20220629,20220707,118.18,8
701,701,701,701,1,4,2,1,20220301,20220304,20220312,297.76,8
702,702,702,702,3,5,1,1,20220802,20220803,20220813,30.83,10
703,703,703,703,3,9,2,1,20220610,20220613,20220622,250.61,9
704,704,704,704,1,4,1,2,20220727,20220728,20220804,215.4,7
705,705,705,705,2,9,2,2,20220622,20220625,20220704,230.25,9
706,706,706,706,1,6,1,1,20220904,20220905,20220917,267.32,12
707,707,707,707,2,4,2,3,20221210,20221213,20221228,109.49,15
708,708,708,708,2,9,1,4,20220504,20220507,20220520,366.17,13
709,709,709,709,2,4,1,2,20220407,20220410,20220423,134.25,13
710,710,710,710,2,9,1,5,20220428,20220429,20220505,196.2,6
711,711,711,711,3,4,1,3,20220110,20220111,20220117,48.88,6
712,712,712,712,3,9,2,1,20220520,20220523,20220527,14.32,4
713,713,713,713,3,5,2,5,20221118,20221120,20221129,99.24,9
714,714,714,714,1,9,2,1,20220814,20220816,20220819,201.91,3
715,715,715,715,3,9,2,5,20220702,20220703,20220714,302.15,11
716,716,716,716,3,6,2,2,20221015,20221018,20221028,68.06,10
717,717,717,717,3,4,2,4,20220306,20220309,20220324,146.83,15
718,718,718,718,3,5,1,3,20221205,20221207,20221221,159.3,14
719,719,719,719,2,4,2,5,20220919,20220922,20220925,51.45,3
720,720,720,720,3,9,1,5,20221201,20221202,20221206,169.26,4
721,721,721,721,3,9,1,5,20220101,20220102,20220105,426.08,3
722,722,722,722,2,5,2,1,20220729,20220731,20220806,73.23,6
723,723,723,723,3,4,2,2,20221111,20221112,20221120,221.61,8
724,724,724,724,1,9,2,1,20220523,20220525,20220605,260.56,11
725,725,725,725,2,5,1,2,20220906,20220908,20220912,391.99,4
726,726,726,726,3,6,1,3,20220612,20220615,20220628,190.25,13
727,727,727,727,1,6,1,5,20221120,20221122,20221130,421.67,8
728,728,728,728,2,5,1,1,20220626,20220628,20220701,405.89,3
729,729,729,729,2,5,2,2,20220711,20220713,20220719,463.36,6
730,730,730,730,3,5,1,1,20220504,20220506,20220517,496.35,11
731,731,731,731,2,6,1,2,20220109,20220111,20220114,387.81,3
732,732,732,732,2,4,1,5,20221201,20221203,20221206,107.27,3
733,733,733,733,2,9,1,1,20220609,20220612,20220625,297.96,13
734,734,734,734,2,6,1,1,20221102,20221103,20221116,413.43,13
735,735,735,735,1,6,2,4,20220921,20220922,20221004,384.73,12
736,736,736,736,1,4,1,3,20220504,20220506,20220513,408.28,7
737,737,737,737,2,5,1,3,20221031,20221102,20221111,442.24,9
738,738,738,738,2,6,2,1,20221017,20221019,20221103,27.07,15
739,739,739,739,1,9,2,5,20220105,20220108,20220115,240.17,7
740,740,740,740,1,6,2,2,20221102,20221105,20221111,29.5,6
741,741,741,741,3,4,1,1,20220129,20220130,20220207,418.22,8
742,742,742,742,3,5,1,3,20220330,20220402,20220415,385.15,13
743,743,743,743,2,4,2,5,20220511,20220513,20220517,146.89,4
744,744,744,744,2,4,2,1,20221217,20221220,20221225,421.78,5
745,745,745,745,3,4,2,3,20221027,20221030,20221102,142.93,3
746,746,746,746,1,9,2,5,20220303,20220304,20220312,64.76,8
747,747,747,747,3,9,2,1,20220110,20220112,20220120,179.24,8
748,748,748,748,2,5,2,4,20220421,20220422,20220505,199.51,13
749,749,749,749,3,4,2,1,20221206,20221208,20221215,376.83,7
750,750,750,750,1,5,2,4,20220915,20220918,20220922,197.92,4
751,751,751,751,3,4,2,4,20220202,20220205,20220218,71.25,13
752,752,752,752,2,4,1,2,20220305,20220306,20220313,81.57,7
753,753,753,753,1,9,1,5,20220204,20220206,20220211,119.38,5
754,754,754,754,3,9,1,5,20220427,20220428,20220505,392.57,7
755,755,755,755,1,6,2,2,20220109,20220110,20220115,45.35,5
756,756,756,756,1,4,2,5,20220109,20220111,20220119,268.02,8
757,757,757,757,1,6,2,5,20221027,20221030,20221107,102.99,8
758,758,758,758,3,5,2,2,20221018,20221020,20221028,33.58,8
759,759,759,759,2,4,2,5,20220416,20220417,20220423,98.1,6
760,760,760,760,3,5,2,5,20220228,20220301,20220308,61.18,7
761,761,761,761,1,4,2,1,20220208,20220209,20220212,110.71,3
762,762,762,762,3,5,1,1,20220217,20220219,20220228,240.6,9
763,763,763,763,3,5,2,5,20220809,20220810,20220820,472.67,10
764,764,764,764,3,4,1,5,20220224,20220227,20220304,35.05,5
765,765,765,765,2,6,2,2,20220910,20220912,20220915,219.39,3
766,766,766,766,1,5,1,5,20221231,20230101,20230106,91.34,5
767,767,767,767,2,6,2,3,20220416,20220417,20220423,429.06,6
768,768,768,768,2,4,2,2,20220129,20220130,20220204,7.17,5
769,769,769,769,2,4,2,3,20220819,20220820,20220825,185.02,5
770,770,770,770,1,4,1,1,20221019,20221020,20221023,376.9,3
771,771,771,771,2,6,2,4,20220829,20220831,20220905,382.87,5
772,772,772,772,1,5,2,1,20221115,20221116,20221120,93.99,4
773,773,773,773,3,5,1,2,20220311,20220312,20220323,155.25,11
774,774,774,774,1,6,1,1,20220829,20220901,20220914,313.14,13
775,775,775,775,3,5,1,1,20220422,20220424,20220505,481.9,11
776,776,776,776,2,6,1,1,20221215,20221217,20221223,486.26,6
777,777,777,777,1,6,1,1,20220710,20220712,20220723,49.44,11
778,778,778,778,2,6,2,2,20220815,20220816,20220823,326.42,7
779,779,779,779,1,4,2,4,20221002,20221005,20221018,90.22,13
780,780,780,780,2,6,2,3,20221017,20221020,20221027,464.75,7
781,781,781,781,3,9,2,5,20221129,20221202,20221212,222.67,10
782,782,782,782,1,4,1,2,20221103,20221105,20221119,122.61,14
783,783,783,783,2,6,2,5,20220918,20220920,20221005,167.62,15
784,784,784,784,2,5,1,1,20221116,20221117,20221127,147.42,10
785,785,785,785,1,5,2,2,20220220,20220223,20220226,285.18,3
786,786,786,786,3,6,2,2,20220318,20220321,20220324,157.05,3
787,787,787,787,2,6,2,1,20220718,20220721,20220724,32.26,3
788,788,788,788,2,6,1,5,20220624,20220625,20220710,13.29,15
789,789,789,789,3,6,2,1,20220109,20220112,20220118,203.28,6
790,790,790,790,3,9,2,3,20220214,20220216,20220223,227.48,7
791,791,791,791,3,9,1,5,20220507,20220509,20220522,124.17,13
792,792,792,792,3,9,2,5,20220602,20220605,20220608,130.54,3
793,793,793,793,3,5,2,4,20221223,20221225,20230104,160.27,10
794,794,794,794,1,9,2,5,20220301,20220303,20220312,321.79,9
795,795,795,795,1,4,1,2,20220127,20220129,20220208,389.85,10
796,796,796,796,1,4,2,4,20221217,20221219,20221222,450.04,3
797,797,797,797,1,4,2,2,20220303,20220306,20220310,441.22,4
798,798,798,798,1,5,1,5,20221011,20221013,20221017,384.7,4
799,799,799,799,3,5,1,5,20220801,20220804,20220814,215.5,10
800,800,800,800,2,6,1,1,20221217,20221220,20221227,398.56,7
801,801,801,801,2,9,1,2,20220129,20220201,20220205,127.64,4
802,802,802,802,1,9,2,5,20221123,20221126,20221211,489.18,15
803,803,803,803,2,6,2,3,20220331,20220402,20220417,51.45,15
804,804,804,804,2,4,2,5,20220110,20220113,20220118,144.65,5
805,805,805,805,2,6,2,3,20220613,20220614,20220620,96.9,6
806,806,806,806,2,4,2,4,20220720,20220722,20220803,405.45,12
807,807,807,807,1,9,2,4,20220727,20220730,20220811,445.15,12
808,808,808,808,1,6,1,4,20220604,20220607,20220610,239.6,3
809,809,809,809,3,9,2,5,20220718,20220721,20220805,353.94,15
810,810,810,810,2,9,2,1,20221217,20221220,20230103,22.73,14
811,811,811,811,3,6,1,1,20221010,20221013,20221018,419.16,5
812,812,812,812,3,5,1,1,20220703,20220704,20220713,437.05,9
813,813,813,813,2,9,2,4,20220729,20220801,20220814,499.06,13
814,814,814,814,1,6,2,1,20220324,20220326,20220330,398.63,4
815,815,815,815,1,4,1,4,20220715,20220718,20220727,402.76,9
816,816,816,816,2,4,1,4,20220728,20220730,20220804,200.79,5
817,817,817,817,3,9,1,2,20221012,20221014,20221028,71.24,14
818,818,818,818,1,9,2,2,20221210,20221213,20221226,273.13,13
819,819,819,819,2,6,2,1,20221204,20221205,20221213,499.54,8
820,820,820,820,2,5,1,2,20220520,20220522,20220526,70.25,4
821,821,821,821,1,6,2,3,20220201,20220204,20220213,272.5,9
822,822,822,822,1,9,1,1,20220824,20220827,20220901,147.14,5
823,823,823,823,3,6,2,5,20220305,20220307,20220320,324.07,13
824,824,824,824,2,9,2,3,20220216,20220217,20220304,477.9,15
825,825,825,825,1,6,1,2,20220829,20220901,20220914,485.84,13
826,826,826,826,3,9,1,2,20220928,20221001,20221010,17.43,9
827,827,827,827,1,5,1,3,20220110,20220111,20220121,244.26,10
828,828,828,828,1,6,2,4,20220805,20220807,20220819,130.8,12
829,829,829,829,3,9,1,1,20221202,20221204,20221208,440.71,4
830,830,830,830,3,5,1,2,20220204,20220207,20220215,313.13,8
831,831,831,831,2,6,2,1,20220906,20220907,20220922,242.33,15
832,832,832,832,3,5,1,5,20221008,20221010,20221016,256.31,6
833,833,833,833,1,4,1,3,20220815,20220817,20220826,81.34,9
834,834,834,834,3,5,2,5,20220507,20220510,20220516,151.4,6
835,835,835,835,2,9,2,4,20221101,20221103,20221111,477.01,8
836,836,836,836,3,4,2,5,20221122,20221125,20221205,106.62,10
837,837,837,837,1,5,2,5,20221015,20221018,20221030,23.28,12
838,838,838,838,2,5,2,3,20220606,20220608,20220616,23.02,8
839,839,839,839,2,9,2,2,20221116,20221119,20221129,377.44,10
840,840,840,840,2,4,2,4,20221229,20230101,20230109,65.05,8
841,841,841,841,2,4,2,2,20220427,20220430,20220515,146.75,15
842,842,842,842,3,6,1,4,20220103,20220106,20220114,155.48,8
843,843,843,843,2,9,2,3,20220130,20220202,20220206,156.73,4
844,844,844,844,1,9,1,4,20221120,20221123,20221208,479.74,15
845,845,845,845,2,5,2,3,20220629,20220701,20220711,216.01,10
846,846,846,846,2,6,2,4,20221201,20221202,20221214,31.63,12
847,847,847,847,1,4,2,1,20220727,20220729,20220809,250.11,11
848,848,848,848,3,5,2,4,20220617,20220618,20220701,226.93,13
849,849,849,849,2,9,2,3,20220809,20220812,20220819,461.28,7
850,850,850,850,3,9,2,4,20220216,20220217,20220226,408.47,9
851,851,851,851,2,4,1,3,20220525,20220527,20220607,269.35,11
852,852,852,852,2,9,1,1,20221115,20221118,20221201,55.5,13
853,853,853,853,2,9,2,3,20221224,20221226,20230109,464.38,14
854,854,854,854,2,6,1,5,20220719,20220721,20220730,116.12,9
855,855,855,855,3,4,2,4,20220524,20220526,20220609,261.48,14
856,856,856,856,1,4,1,2,20221217,20221219,20221229,183.79,10
857,857,857,857,3,9,1,1,20220521,20220524,20220604,423.71,11
858,858,858,858,2,6,2,4,20220608,20220609,20220618,269.59,9
859,859,859,859,3,5,2,2,20220208,20220210,20220223,427.81,13
860,860,860,860,3,6,2,2,20220408,20220409,20220424,208.35,15
861,861,861,861,3,6,2,1,20220626,20220628,20220710,394.96,12
862,862,862,862,1,5,2,2,20220403,20220404,20220416,122.4,12
863,863,863,863,2,6,2,3,20220314,20220315,20220318,486.71,3
864,864,864,864,1,6,1,4,20220514,20220515,20220524,420.7,9
865,865,865,865,1,9,2,5,20220314,20220315,20220328,137.66,13
866,866,866,866,3,5,1,5,20220314,20220315,20220327,52.28,12
867,867,867,867,2,6,2,4,20220223,20220226,20220311,64.16,13
868,868,868,868,2,6,1,2,20220305,20220308,20220317,316.64,9
869,869,869,869,1,4,1,2,20220720,20220723,20220729,478.62,6
870,870,870,870,3,5,1,4,20221106,20221107,20221113,111.59,6
871,871,871,871,1,6,2,5,20220311,20220312,20220327,370.38,15
872,872,872,872,3,9,1,3,20220928,20220930,20221007,147.84,7
873,873,873,873,2,9,2,4,20220511,20220513,20220528,238.29,15
874,874,874,874,2,9,2,1,20220830,20220831,20220906,93.69,6
875,875,875,875,2,4,1,3,20221130,20221203,20221210,391.03,7
876,876,876,876,1,5,2,1,20220901,20220902,20220907,61.49,5
877,877,877,877,2,5,2,2,20220708,20220710,20220725,13.22,15
878,878,878,878,1,4,1,5,20220612,20220615,20220626,141.65,11
879,879,879,879,2,5,2,2,20220701,20220702,20220705,228.79,3
880,880,880,880,2,6,2,5,20220521,20220522,20220606,239.4,15
881,881,881,881,3,6,2,4,20220712,20220714,20220725,434.19,11
882,882,882,882,2,5,2,5,20220127,20220128,20220209,370.96,12
883,883,883,883,3,9,1,4,20221207,20221208,20221218,403.1,10
884,884,884,884,3,4,2,4,20220214,20220216,20220223,58.03,7
885,885,885,885,2,6,1,4,20221105,20221108,20221120,321.12,12
886,886,886,886,2,4,2,5,20220712,20220715,20220727,69.05,12
887,887,887,887,2,6,2,5,20221008,20221011,20221024,325.42,13
888,888,888,888,2,4,1,3,20220809,20220812,20220827,154.49,15
889,889,889,889,1,5,2,4,20220420,20220421,20220503,6.16,12
890,890,890,890,2,6,1,5,20220112,20220114,20220123,495.22,9
891,891,891,891,2,9,2,4,20221008,20221011,20221024,158.37,13
892,892,892,892,1,9,2,1,20220129,20220201,20220212,52.33,11
893,893,893,893,1,4,1,2,20220213,20220214,20220217,262.96,3
894,894,894,894,3,4,1,4,20220811,20220812,20220825,160.65,13
895,895,895,895,1,4,2,5,20221223,20221225,20230101,99.41,7
896,896,896,896,1,4,1,5,20220801,20220804,20220813,293.93,9
897,897,897,897,3,5,1,1,20220719,20220721,20220726,328.66,5
898,898,898,898,1,6,2,2,20220121,20220122,20220201,236.31,10
899,899,899,899,2,4,2,2,20220914,20220916,20220923,446.88,7
900,900,900,900,2,6,2,1,20220524,20220526,20220531,198.2,5
901,901,901,901,3,5,2,3,20220331,20220401,20220411,55.81,10
902,902,902,902,2,9,1,2,20220110,20220111,20220126,274.82,15
903,903,903,903,1,4,1,2,20220728,20220730,20220806,265.45,7
904,904,904,904,1,4,2,2,20220507,20220508,20220513,404.39,5
905,905,905,905,3,5,2,3,20220515,20220516,20220527,37.64,11
906,906,906,906,3,4,2,3,20220511,20220513,20220523,27.09,10
907,907,907,907,2,4,1,1,20220512,20220514,20220529,486.03,15
908,908,908,908,2,4,2,1,20221129,20221202,20221213,444.08,11
909,909,909,909,2,6,2,5,20220129,20220201,20220205,269.54,4
910,910,910,910,3,4,2,1,20220906,20220908,20220912,244.11,4
911,911,911,911,3,5,1,1,20220923,20220925,20221005,190.68,10
912,912,912,912,2,5,1,2,20220813,20220814,20220825,267.72,11
913,913,913,913,2,4,1,4,20220820,20220821,20220901,244.55,11
914,914,914,914,2,6,1,2,20221213,20221215,20221227,443.41,12
915,915,915,915,2,6,1,2,20220715,20220718,20220730,47.05,12
916,916,916,916,2,4,2,4,20220324,20220326,20220409,423.8,14
917,917,917,917,2,4,2,5,20220709,20220710,20220724,95.71,14
918,918,918,918,2,4,1,5,20220902,20220905,20220910,135.77,5
919,919,919,919,1,9,2,2,20220314,20220317,20220329,45.24,12
920,920,920,920,3,6,1,3,20220321,20220322,20220401,455.86,10
921,921,921,921,1,9,1,5,20220523,20220524,20220527,143.04,3
922,922,922,922,3,5,2,5,20220701,20220704,20220714,280.27,10
923,923,923,923,1,5,2,4,20220720,20220723,20220806,35.68,14
924,924,924,924,2,5,1,2,20221103,20221104,20221108,328.1,4
925,925,925,925,3,5,1,1,20220119,20220121,20220203,335.61,13
926,926,926,926,3,6,1,2,20220708,20220711,20220723,454.65,12
927,927,927,927,2,4,2,5,20221210,20221213,20221220,203.4,7
928,928,928,928,1,5,2,4,20220311,20220313,20220328,133.8,15
929,929,929,929,2,6,2,3,20220908,20220909,20220913,294.72,4
930,930,930,930,3,9,2,5,20220820,20220823,20220903,282.43,11
931,931,931,931,2,6,1,1,20220208,20220210,20220222,27.73,12
932,932,932,932,3,9,2,4,20220718,20220719,20220728,202.04,9
933,933,933,933,2,9,1,5,20220303,20220304,20220316,102.57,12
934,934,934,934,3,6,2,2,20220310,20220313,20220325,27.34,12
935,935,935,935,2,9,1,5,20220427,20220430,20220510,417.39,10
936,936,936,936,1,4,1,1,20220820,20220821,20220827,499.83,6
937,937,937,937,2,6,1,2,20220907,20220910,20220913,246.37,3
938,938,938,938,1,5,2,4,20220719,20220721,20220802,174.56,12
939,939,939,939,2,4,1,2,20221205,20221207,20221217,151.78,10
940,940,940,940,2,5,1,4,20220820,20220822,20220828,321.33,6
941,941,941,941,2,4,1,1,20220410,20220412,20220419,422.18,7
942,942,942,942,3,6,2,4,20220723,20220724,20220807,183.92,14
943,943,943,943,2,9,2,1,20220201,20220202,20220214,84.43,12
944,944,944,944,2,9,1,3,20221129,20221201,20221211,394.56,10
945,945,945,945,2,5,1,5,20220209,20220210,20220218,445.52,8
946,946,946,946,1,4,1,2,20220702,20220704,20220716,67.0,12
947,947,947,947,2,6,1,2,20220630,20220702,20220709,314.49,7
948,948,948,948,2,5,1,4,20220814,20220817,20220830,186.24,13
949,949,949,949,1,9,1,4,20221120,20221121,20221203,250.66,12
950,950,950,950,3,9,2,3,20220621,20220624,20220703,73.8,9
951,951,951,951,2,9,1,5,20220213,20220214,20220221,204.97,7
952,952,952,952,1,6,1,5,20220208,20220209,20220218,22.01,9
953,953,953,953,1,6,2,5,20221027,20221028,20221102,191.5,5
954,954,954,954,3,5,2,2,20221101,20221103,20221113,38.76,10
955,955,955,955,1,4,1,5,20220809,20220811,20220820,11.27,9
956,956,956,956,3,9,2,4,20220118,20220119,20220203,387.25,15
957,957,957,957,1,4,1,4,20220203,20220205,20220211,300.08,6
958,958,958,958,3,9,2,5,20220329,20220401,20220408,375.44,7
959,959,959,959,1,5,2,2,20220719,20220720,20220804,78.16,15
960,960,960,960,3,6,2,4,20220901,20220903,20220918,120.54,15
961,961,961,961,2,9,1,4,20221022,20221024,20221027,363.95,3
962,962,962,962,3,6,1,5,20220722,20220725,20220809,403.66,15
963,963,963,963,1,6,1,2,20221026,20221029,20221101,77.77,3
964,964,964,964,2,4,2,5,20220908,20220910,20220917,246.71,7
965,965,965,965,3,9,2,4,20221012,20221015,20221027,42.26,12
966,966,966,966,3,9,2,3,20221015,20221016,20221020,474.21,4
967,967,967,967,2,9,2,5,20220404,20220405,20220412,5.51,7
968,968,968,968,3,9,2,1,20220601,20220603,20220610,387.81,7
969,969,969,969,3,6,2,3,20220616,20220619,20220626,417.16,7
970,970,970,970,2,9,1,4,20220515,20220516,20220524,356.24,8
971,971,971,971,3,6,2,5,20220317,20220318,20220331,371.43,13
972,972,972,972,3,6,2,3,20220721,20220724,20220805,178.65,12
973,973,973,973,1,9,1,1,20221021,20221024,20221101,474.05,8
974,974,974,974,2,6,2,3,20220302,20220303,20220314,269.06,11
975,975,975,975,3,4,1,1,20220218,20220221,20220304,469.72,11
976,976,976,976,1,5,2,5,20220213,20220215,20220225,449.99,10
977,977,977,977,1,5,1,1,20221102,20221103,20221110,360.85,7
978,978,978,978,3,6,1,2,20221204,20221207,20221215,314.36,8
979,979,979,979,2,4,1,5,20220921,20220923,20220929,439.55,6
980,980,980,980,3,6,1,1,20221117,20221118,20221128,272.96,10
981,981,981,981,3,6,2,1,20220416,20220417,20220423,468.53,6
982,982,982,982,3,4,1,1,20221112,20221115,20221121,76.13,6
983,983,983,983,1,4,2,2,20220608,20220611,20220615,460.05,4
984,984,984,984,1,4,2,2,20221001,20221004,20221018,91.65,14
985,985,985,985,2,4,2,2,20221125,20221126,20221209,116.7,13
986,986,986,986,1,6,1,4,20220221,20220224,20220309,293.64,13
987,987,987,987,1,9,1,5,20220127,20220130,20220210,162.82,11
988,988,988,988,3,5,2,1,20220305,20220308,20220319,355.75,11
989,989,989,989,1,5,1,5,20221101,20221103,20221115,200.81,12
990,990,990,990,1,6,2,4,20220312,20220314,20220319,286.81,5
991,991,991,991,2,4,1,3,20220510,20220513,20220523,16.39,10
992,992,992,992,1,4,2,2,20221117,20221119,20221126,260.48,7
993,993,993,993,1,6,2,3,20220514,20220517,20220523,115.57,6
994,994,994,994,2,5,1,4,20220204,20220205,20220208,250.67,3
995,995,995,995,3,9,2,5,20220818,20220821,20220901,320.35,11
996,996,996,996,2,5,1,1,20220117,20220119,20220131,189.3,12
997,997,997,997,3,9,2,3,20220130,20220201,20220207,158.19,6
998,998,998,998,3,4,2,1,20221022,20221023,20221029,493.15,6
999,999,999,999,3,4,1,4,20220501,20220504,20220513,103.08,9
1000,1000,1000,1000,2,6,1,1,20220605,20220608,20220619,21.84,11
